updateDate	line	rule	project	effort	type	cleanCodeAttribute	internalTags	issueStatus	flows	scope	key	severity	comments	author	fromSonarQubeUpdate	cleanCodeAttributeCategory	linkedTicketStatus	messageFormattings	impacts	message	creationDate	quickFixAvailable	tags	codeVariants	component	prioritizedRule	textRange	debt	hash	status
2026-06-17T16:41:58+0000	1.0	css:S4667	com.carajillolabs:sif-web	1min	CODE_SMELL	LOGICAL		OPEN		MAIN	3d3c7953-b205-4504-b0c2-6d457192e815	MAJOR			false	INTENTIONAL	NOT_LINKED		"{softwareQuality=MAINTAINABILITY, severity=MEDIUM} / "	Empty source	2026-06-17T16:41:58+0000	false			com.carajillolabs:sif-web:src/app/app.scss	false	{startLine=1.0, endLine=1.0, startOffset=0.0, endOffset=0.0}	1min	-	OPEN
2026-06-17T16:41:58+0000	10.0	typescript:S2933	com.carajillolabs:sif-web	2min	CODE_SMELL	CLEAR		OPEN		MAIN	9f56c276-8cc6-4326-bf93-90e9ef5370ae	MAJOR		ivan.duart@grupogimeno.com	false	INTENTIONAL	NOT_LINKED		"{softwareQuality=MAINTAINABILITY, severity=MEDIUM} / "	Member 'http' is never reassigned; mark it as `readonly`.	2026-06-16T19:54:29+0000	true	"type-dependent / confusing / "		com.carajillolabs:sif-web:src/app/core/api/services/appointment-type.api.ts	false	{startLine=10.0, endLine=10.0, startOffset=2.0, endOffset=14.0}	2min	63cc803613421d5da8f3b6e2de87ff13	OPEN
2026-06-17T16:41:58+0000	10.0	typescript:S2933	com.carajillolabs:sif-web	2min	CODE_SMELL	CLEAR		OPEN		MAIN	3d7c5b31-8e12-4eec-8356-37e72fa7bf33	MAJOR		ivan.duart@grupogimeno.com	false	INTENTIONAL	NOT_LINKED		"{softwareQuality=MAINTAINABILITY, severity=MEDIUM} / "	Member 'http' is never reassigned; mark it as `readonly`.	2026-06-16T19:54:29+0000	true	"type-dependent / confusing / "		com.carajillolabs:sif-web:src/app/core/api/services/appointment.api.ts	false	{startLine=10.0, endLine=10.0, startOffset=2.0, endOffset=14.0}	2min	63cc803613421d5da8f3b6e2de87ff13	OPEN
2026-06-17T16:41:58+0000	11.0	typescript:S2933	com.carajillolabs:sif-web	2min	CODE_SMELL	CLEAR		OPEN		MAIN	fbd7f723-89e6-4a09-92dd-967196325478	MAJOR		ivan.duart@grupogimeno.com	false	INTENTIONAL	NOT_LINKED		"{softwareQuality=MAINTAINABILITY, severity=MEDIUM} / "	Member 'http' is never reassigned; mark it as `readonly`.	2026-06-16T19:54:29+0000	true	"type-dependent / confusing / "		com.carajillolabs:sif-web:src/app/core/api/services/body-measurement.api.ts	false	{startLine=11.0, endLine=11.0, startOffset=2.0, endOffset=14.0}	2min	63cc803613421d5da8f3b6e2de87ff13	OPEN
2026-06-17T16:41:58+0000	10.0	typescript:S2933	com.carajillolabs:sif-web	2min	CODE_SMELL	CLEAR		OPEN		MAIN	8edb4393-b81e-4db6-822b-7ef583a3772a	MAJOR		ivan.duart@grupogimeno.com	false	INTENTIONAL	NOT_LINKED		"{softwareQuality=MAINTAINABILITY, severity=MEDIUM} / "	Member 'http' is never reassigned; mark it as `readonly`.	2026-06-16T19:54:29+0000	true	"type-dependent / confusing / "		com.carajillolabs:sif-web:src/app/core/api/services/me.api.ts	false	{startLine=10.0, endLine=10.0, startOffset=2.0, endOffset=14.0}	2min	63cc803613421d5da8f3b6e2de87ff13	OPEN
2026-06-17T16:41:58+0000	18.0	typescript:S2933	com.carajillolabs:sif-web	2min	CODE_SMELL	CLEAR		OPEN		MAIN	7158a825-0d28-4568-9f97-cd1f1671bc01	MAJOR		ivan.duart@grupogimeno.com	false	INTENTIONAL	NOT_LINKED		"{softwareQuality=MAINTAINABILITY, severity=MEDIUM} / "	Member 'http' is never reassigned; mark it as `readonly`.	2026-06-16T19:54:29+0000	true	"type-dependent / confusing / "		com.carajillolabs:sif-web:src/app/core/api/services/meal.api.ts	false	{startLine=18.0, endLine=18.0, startOffset=2.0, endOffset=14.0}	2min	63cc803613421d5da8f3b6e2de87ff13	OPEN
2026-06-17T16:41:58+0000	36.0	typescript:S2933	com.carajillolabs:sif-web	2min	CODE_SMELL	CLEAR		OPEN		MAIN	dc17eded-ad65-409b-b84d-ba9b55abf367	MAJOR		ivan.duart@grupogimeno.com	false	INTENTIONAL	NOT_LINKED		"{softwareQuality=MAINTAINABILITY, severity=MEDIUM} / "	Member 'http' is never reassigned; mark it as `readonly`.	2026-06-16T19:54:29+0000	true	"type-dependent / confusing / "		com.carajillolabs:sif-web:src/app/core/api/services/menu-template.api.ts	false	{startLine=36.0, endLine=36.0, startOffset=2.0, endOffset=14.0}	2min	63cc803613421d5da8f3b6e2de87ff13	OPEN
2026-06-17T16:41:58+0000	10.0	typescript:S2933	com.carajillolabs:sif-web	2min	CODE_SMELL	CLEAR		OPEN		MAIN	6256b060-8810-4971-adef-9080aef9c12d	MAJOR		ivan.duart@grupogimeno.com	false	INTENTIONAL	NOT_LINKED		"{softwareQuality=MAINTAINABILITY, severity=MEDIUM} / "	Member 'http' is never reassigned; mark it as `readonly`.	2026-06-16T19:54:29+0000	true	"type-dependent / confusing / "		com.carajillolabs:sif-web:src/app/core/api/services/menu-upload.api.ts	false	{startLine=10.0, endLine=10.0, startOffset=2.0, endOffset=14.0}	2min	63cc803613421d5da8f3b6e2de87ff13	OPEN
2026-06-17T16:41:58+0000	17.0	typescript:S2933	com.carajillolabs:sif-web	2min	CODE_SMELL	CLEAR		OPEN		MAIN	3e232b6e-84bd-4cf7-8f43-f22773517652	MAJOR		ivan.duart@grupogimeno.com	false	INTENTIONAL	NOT_LINKED		"{softwareQuality=MAINTAINABILITY, severity=MEDIUM} / "	Member 'http' is never reassigned; mark it as `readonly`.	2026-06-16T19:54:29+0000	true	"type-dependent / confusing / "		com.carajillolabs:sif-web:src/app/core/api/services/menu.api.ts	false	{startLine=17.0, endLine=17.0, startOffset=2.0, endOffset=14.0}	2min	63cc803613421d5da8f3b6e2de87ff13	OPEN
2026-06-17T16:41:58+0000	11.0	typescript:S2933	com.carajillolabs:sif-web	2min	CODE_SMELL	CLEAR		OPEN		MAIN	c8dec312-6839-4124-94d2-d5ea4a690ebb	MAJOR		ivan.duart@grupogimeno.com	false	INTENTIONAL	NOT_LINKED		"{softwareQuality=MAINTAINABILITY, severity=MEDIUM} / "	Member 'http' is never reassigned; mark it as `readonly`.	2026-06-16T19:54:29+0000	true	"type-dependent / confusing / "		com.carajillolabs:sif-web:src/app/core/api/services/tenant-branding.api.ts	false	{startLine=11.0, endLine=11.0, startOffset=2.0, endOffset=14.0}	2min	63cc803613421d5da8f3b6e2de87ff13	OPEN
2026-06-17T16:41:58+0000	23.0	typescript:S2933	com.carajillolabs:sif-web	2min	CODE_SMELL	CLEAR		OPEN		MAIN	8aba41b9-55ab-4561-b666-9ba752e7853a	MAJOR		ivan.duart@grupogimeno.com	false	INTENTIONAL	NOT_LINKED		"{softwareQuality=MAINTAINABILITY, severity=MEDIUM} / "	Member 'http' is never reassigned; mark it as `readonly`.	2026-06-16T19:54:29+0000	true	"type-dependent / confusing / "		com.carajillolabs:sif-web:src/app/core/api/services/tenant.api.ts	false	{startLine=23.0, endLine=23.0, startOffset=2.0, endOffset=14.0}	2min	63cc803613421d5da8f3b6e2de87ff13	OPEN
2026-06-17T16:41:58+0000	33.0	typescript:S2933	com.carajillolabs:sif-web	2min	CODE_SMELL	CLEAR		OPEN		MAIN	9abe12f6-a759-49a1-9529-ac71b4b0a96e	MAJOR		ivan.duart@grupogimeno.com	false	INTENTIONAL	NOT_LINKED		"{softwareQuality=MAINTAINABILITY, severity=MEDIUM} / "	Member 'http' is never reassigned; mark it as `readonly`.	2026-06-16T19:54:29+0000	true	"type-dependent / confusing / "		com.carajillolabs:sif-web:src/app/core/api/services/user-tenant-role.api.ts	false	{startLine=33.0, endLine=33.0, startOffset=2.0, endOffset=14.0}	2min	63cc803613421d5da8f3b6e2de87ff13	OPEN
2026-06-17T16:41:58+0000	79.0	Web:S6819	com.carajillolabs:sif-web	5min	CODE_SMELL	CONVENTIONAL		OPEN		MAIN	22584614-b8ca-460e-b57a-9364377ddb48	MAJOR		ivan.duart@grupogimeno.com	false	CONSISTENT	NOT_LINKED		"{softwareQuality=MAINTAINABILITY, severity=MEDIUM} / "	Use <button> or <input> instead of the button role to ensure accessibility across all devices.	2026-06-16T19:54:29+0000	false	"accessibility / "		com.carajillolabs:sif-web:src/app/features/appointments/appointments.page.html	false	{startLine=79.0, endLine=84.0, startOffset=16.0, endOffset=32.0}	5min	d90c26198ff23a5c54f81269ceed5c01	OPEN
2026-06-17T16:41:58+0000	77.0	Web:S6819	com.carajillolabs:sif-web	5min	CODE_SMELL	CONVENTIONAL		OPEN		MAIN	1169bfac-aa56-48ae-8c9a-fd53e4942d14	MAJOR		ivan.duart@grupogimeno.com	false	CONSISTENT	NOT_LINKED		"{softwareQuality=MAINTAINABILITY, severity=MEDIUM} / "	Use <button> or <input> instead of the button role to ensure accessibility across all devices.	2026-06-16T19:54:29+0000	false	"accessibility / "		com.carajillolabs:sif-web:src/app/features/tenant/dashboard/tenant-dashboard.component.html	false	{startLine=77.0, endLine=82.0, startOffset=18.0, endOffset=34.0}	5min	d90c26198ff23a5c54f81269ceed5c01	OPEN
2026-06-17T16:41:58+0000	20.0	typescript:S2933	com.carajillolabs:sif-web	2min	CODE_SMELL	CLEAR		OPEN		MAIN	0f2094f3-c066-4aab-bf24-0744585499e2	MAJOR		ivan.duart@grupogimeno.com	false	INTENTIONAL	NOT_LINKED		"{softwareQuality=MAINTAINABILITY, severity=MEDIUM} / "	Member 'fb' is never reassigned; mark it as `readonly`.	2026-06-16T19:54:29+0000	true	"type-dependent / confusing / "		com.carajillolabs:sif-web:src/app/features/users/assign-menu-template.dialog.ts	false	{startLine=20.0, endLine=20.0, startOffset=2.0, endOffset=12.0}	2min	38fc3aa3201be3fc0d2eca460eced79f	OPEN
2026-06-17T16:41:58+0000	21.0	typescript:S2933	com.carajillolabs:sif-web	2min	CODE_SMELL	CLEAR		OPEN		MAIN	f09bf65e-eee5-45b3-8cea-151219a74224	MAJOR		ivan.duart@grupogimeno.com	false	INTENTIONAL	NOT_LINKED		"{softwareQuality=MAINTAINABILITY, severity=MEDIUM} / "	Member 'templateService' is never reassigned; mark it as `readonly`.	2026-06-16T19:54:29+0000	true	"type-dependent / confusing / "		com.carajillolabs:sif-web:src/app/features/users/assign-menu-template.dialog.ts	false	{startLine=21.0, endLine=21.0, startOffset=2.0, endOffset=25.0}	2min	ca7ad36b323e8274c5dce83940df7f01	OPEN
2026-06-17T16:41:58+0000	22.0	typescript:S2933	com.carajillolabs:sif-web	2min	CODE_SMELL	CLEAR		OPEN		MAIN	f30de40a-5375-4607-87b1-1c4d35b694e8	MAJOR		ivan.duart@grupogimeno.com	false	INTENTIONAL	NOT_LINKED		"{softwareQuality=MAINTAINABILITY, severity=MEDIUM} / "	Member 'tenantCtx' is never reassigned; mark it as `readonly`.	2026-06-16T19:54:29+0000	true	"type-dependent / confusing / "		com.carajillolabs:sif-web:src/app/features/users/assign-menu-template.dialog.ts	false	{startLine=22.0, endLine=22.0, startOffset=2.0, endOffset=19.0}	2min	fe261700e8e5053e3822d6b04530b92a	OPEN
2026-06-17T16:41:58+0000	52.0	typescript:S4325	com.carajillolabs:sif-web	1min	CODE_SMELL	CLEAR		OPEN		MAIN	a0610d48-7548-4c93-964e-cccdfc4dedc1	MINOR		ivan.duart@grupogimeno.com	false	INTENTIONAL	NOT_LINKED		"{softwareQuality=MAINTAINABILITY, severity=LOW} / "	This assertion is unnecessary since the receiver accepts the original type of the expression.	2026-06-16T19:54:29+0000	true	"type-dependent / redundant / "		com.carajillolabs:sif-web:src/app/layout/shell/shell.ts	false	{startLine=52.0, endLine=52.0, startOffset=20.0, endOffset=48.0}	1min	29a06781a756b0045b32ff86378cefd6	OPEN
2026-06-17T16:41:58+0000	57.0	typescript:S4325	com.carajillolabs:sif-web	1min	CODE_SMELL	CLEAR		OPEN		MAIN	489e1325-9542-447d-a393-2ad13ce6bfce	MINOR		ivan.duart@grupogimeno.com	false	INTENTIONAL	NOT_LINKED		"{softwareQuality=MAINTAINABILITY, severity=LOW} / "	This assertion is unnecessary since the receiver accepts the original type of the expression.	2026-06-16T19:54:29+0000	true	"type-dependent / redundant / "		com.carajillolabs:sif-web:src/app/layout/shell/shell.ts	false	{startLine=57.0, endLine=57.0, startOffset=20.0, endOffset=48.0}	1min	29a06781a756b0045b32ff86378cefd6	OPEN
2026-06-17T16:41:58+0000	26.0	typescript:S2933	com.carajillolabs:sif-web	2min	CODE_SMELL	CLEAR		OPEN		MAIN	9caaac46-2114-43d7-96ec-e2fcd3a9e65a	MAJOR		ivan.duart@grupogimeno.com	false	INTENTIONAL	NOT_LINKED		"{softwareQuality=MAINTAINABILITY, severity=MEDIUM} / "	Member 'fb' is never reassigned; mark it as `readonly`.	2026-06-15T20:14:57+0000	true	"type-dependent / confusing / "		com.carajillolabs:sif-web:src/app/features/appointments/appointment-action.dialog.ts	false	{startLine=26.0, endLine=26.0, startOffset=2.0, endOffset=12.0}	2min	38fc3aa3201be3fc0d2eca460eced79f	OPEN
2026-06-17T16:41:58+0000	27.0	typescript:S2933	com.carajillolabs:sif-web	2min	CODE_SMELL	CLEAR		OPEN		MAIN	a87d2420-0959-4932-9d64-b7dc2d99e05e	MAJOR		ivan.duart@grupogimeno.com	false	INTENTIONAL	NOT_LINKED		"{softwareQuality=MAINTAINABILITY, severity=MEDIUM} / "	Member 'appointmentService' is never reassigned; mark it as `readonly`.	2026-06-15T20:14:57+0000	true	"type-dependent / confusing / "		com.carajillolabs:sif-web:src/app/features/appointments/appointment-action.dialog.ts	false	{startLine=27.0, endLine=27.0, startOffset=2.0, endOffset=28.0}	2min	353c834503f1b0c1b89915a454574253	OPEN
2026-06-17T16:41:58+0000	28.0	typescript:S2933	com.carajillolabs:sif-web	2min	CODE_SMELL	CLEAR		OPEN		MAIN	49262589-5de8-48b8-bdb0-f341d48d2868	MAJOR		ivan.duart@grupogimeno.com	false	INTENTIONAL	NOT_LINKED		"{softwareQuality=MAINTAINABILITY, severity=MEDIUM} / "	Member 'appointmentTypeService' is never reassigned; mark it as `readonly`.	2026-06-15T20:14:57+0000	true	"type-dependent / confusing / "		com.carajillolabs:sif-web:src/app/features/appointments/appointment-action.dialog.ts	false	{startLine=28.0, endLine=28.0, startOffset=2.0, endOffset=32.0}	2min	55d06ae9736943c887832820734ef96e	OPEN
2026-06-17T16:41:58+0000	29.0	typescript:S2933	com.carajillolabs:sif-web	2min	CODE_SMELL	CLEAR		OPEN		MAIN	2640f3df-8cb3-4baa-90b0-b2588f5b75ce	MAJOR		ivan.duart@grupogimeno.com	false	INTENTIONAL	NOT_LINKED		"{softwareQuality=MAINTAINABILITY, severity=MEDIUM} / "	Member 'tenantCtx' is never reassigned; mark it as `readonly`.	2026-06-15T20:14:57+0000	true	"type-dependent / confusing / "		com.carajillolabs:sif-web:src/app/features/appointments/appointment-action.dialog.ts	false	{startLine=29.0, endLine=29.0, startOffset=2.0, endOffset=19.0}	2min	fe261700e8e5053e3822d6b04530b92a	OPEN
2026-06-17T16:41:58+0000	30.0	typescript:S2933	com.carajillolabs:sif-web	2min	CODE_SMELL	CLEAR		OPEN		MAIN	124fa980-7dfa-4aab-81c8-4b7a72a0e1cf	MAJOR		ivan.duart@grupogimeno.com	false	INTENTIONAL	NOT_LINKED		"{softwareQuality=MAINTAINABILITY, severity=MEDIUM} / "	Member 'confirmationService' is never reassigned; mark it as `readonly`.	2026-06-15T20:14:57+0000	true	"type-dependent / confusing / "		com.carajillolabs:sif-web:src/app/features/appointments/appointment-action.dialog.ts	false	{startLine=30.0, endLine=30.0, startOffset=2.0, endOffset=29.0}	2min	a093270cc09d8e570ee6da1e1e077f33	OPEN
2026-06-17T16:41:58+0000	31.0	typescript:S2933	com.carajillolabs:sif-web	2min	CODE_SMELL	CLEAR		OPEN		MAIN	af07b1bf-7ffd-4d63-9af2-d0f5baa69a0c	MAJOR		ivan.duart@grupogimeno.com	false	INTENTIONAL	NOT_LINKED		"{softwareQuality=MAINTAINABILITY, severity=MEDIUM} / "	Member 'messageService' is never reassigned; mark it as `readonly`.	2026-06-15T20:14:57+0000	true	"type-dependent / confusing / "		com.carajillolabs:sif-web:src/app/features/appointments/appointment-action.dialog.ts	false	{startLine=31.0, endLine=31.0, startOffset=2.0, endOffset=24.0}	2min	36df480421b23553d28f976884da29c3	OPEN
2026-06-17T16:41:58+0000	32.0	typescript:S2933	com.carajillolabs:sif-web	2min	CODE_SMELL	CLEAR		OPEN		MAIN	248b0d74-3347-4767-a427-124e5f70a721	MAJOR		ivan.duart@grupogimeno.com	false	INTENTIONAL	NOT_LINKED		"{softwareQuality=MAINTAINABILITY, severity=MEDIUM} / "	Member 'transloco' is never reassigned; mark it as `readonly`.	2026-06-15T20:14:57+0000	true	"type-dependent / confusing / "		com.carajillolabs:sif-web:src/app/features/appointments/appointment-action.dialog.ts	false	{startLine=32.0, endLine=32.0, startOffset=2.0, endOffset=19.0}	2min	0ed583e5ec892474e0aff3b9706bf85a	OPEN
2026-06-17T16:41:58+0000	26.0	typescript:S2933	com.carajillolabs:sif-web	2min	CODE_SMELL	CLEAR		OPEN		MAIN	8547832a-83a1-4609-9b3e-dd0c9553bb64	MAJOR		ivan.duart@grupogimeno.com	false	INTENTIONAL	NOT_LINKED		"{softwareQuality=MAINTAINABILITY, severity=MEDIUM} / "	Member 'fb' is never reassigned; mark it as `readonly`.	2026-06-15T20:14:57+0000	true	"type-dependent / confusing / "		com.carajillolabs:sif-web:src/app/features/appointments/appointment-form.dialog.ts	false	{startLine=26.0, endLine=26.0, startOffset=2.0, endOffset=12.0}	2min	38fc3aa3201be3fc0d2eca460eced79f	OPEN
2026-06-17T16:41:58+0000	27.0	typescript:S2933	com.carajillolabs:sif-web	2min	CODE_SMELL	CLEAR		OPEN		MAIN	702b6a97-8faa-45f7-bcd7-44563bd9bbf0	MAJOR		ivan.duart@grupogimeno.com	false	INTENTIONAL	NOT_LINKED		"{softwareQuality=MAINTAINABILITY, severity=MEDIUM} / "	Member 'appointmentService' is never reassigned; mark it as `readonly`.	2026-06-15T20:14:57+0000	true	"type-dependent / confusing / "		com.carajillolabs:sif-web:src/app/features/appointments/appointment-form.dialog.ts	false	{startLine=27.0, endLine=27.0, startOffset=2.0, endOffset=28.0}	2min	353c834503f1b0c1b89915a454574253	OPEN
2026-06-17T16:41:58+0000	28.0	typescript:S2933	com.carajillolabs:sif-web	2min	CODE_SMELL	CLEAR		OPEN		MAIN	87b73fca-7040-4006-8469-cbd6b9c4f223	MAJOR		ivan.duart@grupogimeno.com	false	INTENTIONAL	NOT_LINKED		"{softwareQuality=MAINTAINABILITY, severity=MEDIUM} / "	Member 'appointmentTypeService' is never reassigned; mark it as `readonly`.	2026-06-15T20:14:57+0000	true	"type-dependent / confusing / "		com.carajillolabs:sif-web:src/app/features/appointments/appointment-form.dialog.ts	false	{startLine=28.0, endLine=28.0, startOffset=2.0, endOffset=32.0}	2min	55d06ae9736943c887832820734ef96e	OPEN
2026-06-17T16:41:58+0000	29.0	typescript:S2933	com.carajillolabs:sif-web	2min	CODE_SMELL	CLEAR		OPEN		MAIN	fd271ed7-113f-4344-a4ac-b88ae9706213	MAJOR		ivan.duart@grupogimeno.com	false	INTENTIONAL	NOT_LINKED		"{softwareQuality=MAINTAINABILITY, severity=MEDIUM} / "	Member 'userRoleService' is never reassigned; mark it as `readonly`.	2026-06-15T20:14:57+0000	true	"type-dependent / confusing / "		com.carajillolabs:sif-web:src/app/features/appointments/appointment-form.dialog.ts	false	{startLine=29.0, endLine=29.0, startOffset=2.0, endOffset=25.0}	2min	413ba1fee2163226cbb0836904904f66	OPEN
2026-06-17T16:41:58+0000	30.0	typescript:S2933	com.carajillolabs:sif-web	2min	CODE_SMELL	CLEAR		OPEN		MAIN	8dfacdd7-2aa5-4e88-b291-2184aded2b32	MAJOR		ivan.duart@grupogimeno.com	false	INTENTIONAL	NOT_LINKED		"{softwareQuality=MAINTAINABILITY, severity=MEDIUM} / "	Member 'tenantCtx' is never reassigned; mark it as `readonly`.	2026-06-15T20:14:57+0000	true	"type-dependent / confusing / "		com.carajillolabs:sif-web:src/app/features/appointments/appointment-form.dialog.ts	false	{startLine=30.0, endLine=30.0, startOffset=2.0, endOffset=19.0}	2min	fe261700e8e5053e3822d6b04530b92a	OPEN
2026-06-17T16:41:58+0000	31.0	typescript:S2933	com.carajillolabs:sif-web	2min	CODE_SMELL	CLEAR		OPEN		MAIN	26e1f191-bfcd-4b1e-beb8-7346b372f2e8	MAJOR		ivan.duart@grupogimeno.com	false	INTENTIONAL	NOT_LINKED		"{softwareQuality=MAINTAINABILITY, severity=MEDIUM} / "	Member 'authService' is never reassigned; mark it as `readonly`.	2026-06-15T20:14:57+0000	true	"type-dependent / confusing / "		com.carajillolabs:sif-web:src/app/features/appointments/appointment-form.dialog.ts	false	{startLine=31.0, endLine=31.0, startOffset=2.0, endOffset=21.0}	2min	6c7e5d247a0ad131f41c092397484624	OPEN
2026-06-17T16:41:58+0000	32.0	typescript:S2933	com.carajillolabs:sif-web	2min	CODE_SMELL	CLEAR		OPEN		MAIN	91566941-febf-4dc6-833d-373ef130537f	MAJOR		ivan.duart@grupogimeno.com	false	INTENTIONAL	NOT_LINKED		"{softwareQuality=MAINTAINABILITY, severity=MEDIUM} / "	Member 'messageService' is never reassigned; mark it as `readonly`.	2026-06-15T20:14:57+0000	true	"type-dependent / confusing / "		com.carajillolabs:sif-web:src/app/features/appointments/appointment-form.dialog.ts	false	{startLine=32.0, endLine=32.0, startOffset=2.0, endOffset=24.0}	2min	36df480421b23553d28f976884da29c3	OPEN
2026-06-17T16:41:58+0000	33.0	typescript:S2933	com.carajillolabs:sif-web	2min	CODE_SMELL	CLEAR		OPEN		MAIN	760078ea-9312-4dfd-8986-de1794232671	MAJOR		ivan.duart@grupogimeno.com	false	INTENTIONAL	NOT_LINKED		"{softwareQuality=MAINTAINABILITY, severity=MEDIUM} / "	Member 'transloco' is never reassigned; mark it as `readonly`.	2026-06-15T20:14:57+0000	true	"type-dependent / confusing / "		com.carajillolabs:sif-web:src/app/features/appointments/appointment-form.dialog.ts	false	{startLine=33.0, endLine=33.0, startOffset=2.0, endOffset=19.0}	2min	0ed583e5ec892474e0aff3b9706bf85a	OPEN
2026-06-17T16:41:58+0000	36.0	typescript:S2933	com.carajillolabs:sif-web	2min	CODE_SMELL	CLEAR		OPEN		MAIN	c7046459-a7e9-4116-9e31-0029bd198de0	MAJOR		ivan.duart@grupogimeno.com	false	INTENTIONAL	NOT_LINKED		"{softwareQuality=MAINTAINABILITY, severity=MEDIUM} / "	Member 'tenantCtx' is never reassigned; mark it as `readonly`.	2026-06-15T20:14:57+0000	true	"type-dependent / confusing / "		com.carajillolabs:sif-web:src/app/features/appointments/appointments.page.ts	false	{startLine=36.0, endLine=36.0, startOffset=2.0, endOffset=19.0}	2min	fe261700e8e5053e3822d6b04530b92a	OPEN
2026-06-17T16:41:58+0000	37.0	typescript:S2933	com.carajillolabs:sif-web	2min	CODE_SMELL	CLEAR		OPEN		MAIN	619797af-d577-4c08-bb90-3987326f413b	MAJOR		ivan.duart@grupogimeno.com	false	INTENTIONAL	NOT_LINKED		"{softwareQuality=MAINTAINABILITY, severity=MEDIUM} / "	Member 'authService' is never reassigned; mark it as `readonly`.	2026-06-15T20:14:57+0000	true	"type-dependent / confusing / "		com.carajillolabs:sif-web:src/app/features/appointments/appointments.page.ts	false	{startLine=37.0, endLine=37.0, startOffset=2.0, endOffset=21.0}	2min	6c7e5d247a0ad131f41c092397484624	OPEN
2026-06-17T16:41:58+0000	38.0	typescript:S2933	com.carajillolabs:sif-web	2min	CODE_SMELL	CLEAR		OPEN		MAIN	1502fd7f-d015-4cd6-9467-e7e7a7cf74dd	MAJOR		ivan.duart@grupogimeno.com	false	INTENTIONAL	NOT_LINKED		"{softwareQuality=MAINTAINABILITY, severity=MEDIUM} / "	Member 'appointmentService' is never reassigned; mark it as `readonly`.	2026-06-15T20:14:57+0000	true	"type-dependent / confusing / "		com.carajillolabs:sif-web:src/app/features/appointments/appointments.page.ts	false	{startLine=38.0, endLine=38.0, startOffset=2.0, endOffset=28.0}	2min	353c834503f1b0c1b89915a454574253	OPEN
2026-06-17T16:41:58+0000	39.0	typescript:S2933	com.carajillolabs:sif-web	2min	CODE_SMELL	CLEAR		OPEN		MAIN	d072e817-45d6-41bd-ba83-ce8ae82b504f	MAJOR		ivan.duart@grupogimeno.com	false	INTENTIONAL	NOT_LINKED		"{softwareQuality=MAINTAINABILITY, severity=MEDIUM} / "	Member 'dialogService' is never reassigned; mark it as `readonly`.	2026-06-15T20:14:57+0000	true	"type-dependent / confusing / "		com.carajillolabs:sif-web:src/app/features/appointments/appointments.page.ts	false	{startLine=39.0, endLine=39.0, startOffset=2.0, endOffset=23.0}	2min	433a9f2e31b679330f1887e8d4855f43	OPEN
2026-06-17T16:41:58+0000	40.0	typescript:S2933	com.carajillolabs:sif-web	2min	CODE_SMELL	CLEAR		OPEN		MAIN	f778733e-ee26-4d95-9e80-e0b5cb1ed6b6	MAJOR		ivan.duart@grupogimeno.com	false	INTENTIONAL	NOT_LINKED		"{softwareQuality=MAINTAINABILITY, severity=MEDIUM} / "	Member 'messageService' is never reassigned; mark it as `readonly`.	2026-06-15T20:14:57+0000	true	"type-dependent / confusing / "		com.carajillolabs:sif-web:src/app/features/appointments/appointments.page.ts	false	{startLine=40.0, endLine=40.0, startOffset=2.0, endOffset=24.0}	2min	36df480421b23553d28f976884da29c3	OPEN
2026-06-17T16:41:58+0000	41.0	typescript:S2933	com.carajillolabs:sif-web	2min	CODE_SMELL	CLEAR		OPEN		MAIN	cf5a97ca-17f5-49d8-97e4-2d040e12e94b	MAJOR		ivan.duart@grupogimeno.com	false	INTENTIONAL	NOT_LINKED		"{softwareQuality=MAINTAINABILITY, severity=MEDIUM} / "	Member 'transloco' is never reassigned; mark it as `readonly`.	2026-06-15T20:14:57+0000	true	"type-dependent / confusing / "		com.carajillolabs:sif-web:src/app/features/appointments/appointments.page.ts	false	{startLine=41.0, endLine=41.0, startOffset=2.0, endOffset=19.0}	2min	0ed583e5ec892474e0aff3b9706bf85a	OPEN
2026-06-17T16:41:58+0000	78.0	typescript:S2933	com.carajillolabs:sif-web	2min	CODE_SMELL	CLEAR		OPEN		MAIN	abf8fc15-1e7f-451c-9616-c560c1c98ee2	MAJOR		ivan.duart@grupogimeno.com	false	INTENTIONAL	NOT_LINKED		"{softwareQuality=MAINTAINABILITY, severity=MEDIUM} / "	Member 'tenantBrandingService' is never reassigned; mark it as `readonly`.	2026-06-15T20:14:57+0000	true	"type-dependent / confusing / "		com.carajillolabs:sif-web:src/app/features/settings/components/branding-settings.ts	false	{startLine=78.0, endLine=78.0, startOffset=2.0, endOffset=31.0}	2min	a0e80b792bedb38fdde902163345f521	OPEN
2026-06-17T16:41:58+0000	79.0	typescript:S2933	com.carajillolabs:sif-web	2min	CODE_SMELL	CLEAR		OPEN		MAIN	832acde5-8ebd-4d39-a041-2bb8edd7a6ad	MAJOR		ivan.duart@grupogimeno.com	false	INTENTIONAL	NOT_LINKED		"{softwareQuality=MAINTAINABILITY, severity=MEDIUM} / "	Member 'tenantService' is never reassigned; mark it as `readonly`.	2026-06-15T20:14:57+0000	true	"type-dependent / confusing / "		com.carajillolabs:sif-web:src/app/features/settings/components/branding-settings.ts	false	{startLine=79.0, endLine=79.0, startOffset=2.0, endOffset=23.0}	2min	b845c98b705ab9975fe5b608e6879bcd	OPEN
2026-06-17T16:41:58+0000	80.0	typescript:S2933	com.carajillolabs:sif-web	2min	CODE_SMELL	CLEAR		OPEN		MAIN	3d2df5ed-3c96-42ef-adb1-0b9af07e3c3e	MAJOR		ivan.duart@grupogimeno.com	false	INTENTIONAL	NOT_LINKED		"{softwareQuality=MAINTAINABILITY, severity=MEDIUM} / "	Member 'tenantCtx' is never reassigned; mark it as `readonly`.	2026-06-15T20:14:57+0000	true	"type-dependent / confusing / "		com.carajillolabs:sif-web:src/app/features/settings/components/branding-settings.ts	false	{startLine=80.0, endLine=80.0, startOffset=2.0, endOffset=19.0}	2min	fe261700e8e5053e3822d6b04530b92a	OPEN
2026-06-17T16:41:58+0000	81.0	typescript:S2933	com.carajillolabs:sif-web	2min	CODE_SMELL	CLEAR		OPEN		MAIN	eaa51e32-1669-4a1f-a256-0ae4e8f3877c	MAJOR		ivan.duart@grupogimeno.com	false	INTENTIONAL	NOT_LINKED		"{softwareQuality=MAINTAINABILITY, severity=MEDIUM} / "	Member 'messageService' is never reassigned; mark it as `readonly`.	2026-06-15T20:14:57+0000	true	"type-dependent / confusing / "		com.carajillolabs:sif-web:src/app/features/settings/components/branding-settings.ts	false	{startLine=81.0, endLine=81.0, startOffset=2.0, endOffset=24.0}	2min	36df480421b23553d28f976884da29c3	OPEN
2026-06-17T16:41:58+0000	78.0	typescript:S2933	com.carajillolabs:sif-web	2min	CODE_SMELL	CLEAR		OPEN		MAIN	a04cb201-8d4f-40f4-ab18-d3b6ae9f03fa	MAJOR		ivan.duart@grupogimeno.com	false	INTENTIONAL	NOT_LINKED		"{softwareQuality=MAINTAINABILITY, severity=MEDIUM} / "	Member 'fb' is never reassigned; mark it as `readonly`.	2026-06-15T20:14:57+0000	true	"type-dependent / confusing / "		com.carajillolabs:sif-web:src/app/features/templates/meal-template-form.dialog.ts	false	{startLine=78.0, endLine=78.0, startOffset=2.0, endOffset=12.0}	2min	38fc3aa3201be3fc0d2eca460eced79f	OPEN
2026-06-17T16:41:58+0000	79.0	typescript:S2933	com.carajillolabs:sif-web	2min	CODE_SMELL	CLEAR		OPEN		MAIN	f706622b-4d2c-4bed-bcbd-5d52ba48648f	MAJOR		ivan.duart@grupogimeno.com	false	INTENTIONAL	NOT_LINKED		"{softwareQuality=MAINTAINABILITY, severity=MEDIUM} / "	Member 'templateService' is never reassigned; mark it as `readonly`.	2026-06-15T20:14:57+0000	true	"type-dependent / confusing / "		com.carajillolabs:sif-web:src/app/features/templates/meal-template-form.dialog.ts	false	{startLine=79.0, endLine=79.0, startOffset=2.0, endOffset=25.0}	2min	ca7ad36b323e8274c5dce83940df7f01	OPEN
2026-06-17T16:41:58+0000	80.0	typescript:S2933	com.carajillolabs:sif-web	2min	CODE_SMELL	CLEAR		OPEN		MAIN	383923ac-acd2-4caf-8154-609568528bf1	MAJOR		ivan.duart@grupogimeno.com	false	INTENTIONAL	NOT_LINKED		"{softwareQuality=MAINTAINABILITY, severity=MEDIUM} / "	Member 'tenantCtx' is never reassigned; mark it as `readonly`.	2026-06-15T20:14:57+0000	true	"type-dependent / confusing / "		com.carajillolabs:sif-web:src/app/features/templates/meal-template-form.dialog.ts	false	{startLine=80.0, endLine=80.0, startOffset=2.0, endOffset=19.0}	2min	fe261700e8e5053e3822d6b04530b92a	OPEN
2026-06-17T16:41:58+0000	25.0	typescript:S2933	com.carajillolabs:sif-web	2min	CODE_SMELL	CLEAR		OPEN		MAIN	d58033a2-17d5-459b-b390-e191d1e75499	MAJOR		ivan.duart@grupogimeno.com	false	INTENTIONAL	NOT_LINKED		"{softwareQuality=MAINTAINABILITY, severity=MEDIUM} / "	Member 'route' is never reassigned; mark it as `readonly`.	2026-06-15T20:14:57+0000	true	"type-dependent / confusing / "		com.carajillolabs:sif-web:src/app/features/templates/template-detail.page.ts	false	{startLine=25.0, endLine=25.0, startOffset=2.0, endOffset=15.0}	2min	ae107aa1a4304e6c737d0a116fe7b182	OPEN
2026-06-17T16:41:58+0000	26.0	typescript:S2933	com.carajillolabs:sif-web	2min	CODE_SMELL	CLEAR		OPEN		MAIN	dc8d37f1-025b-4673-8036-55b494216444	MAJOR		ivan.duart@grupogimeno.com	false	INTENTIONAL	NOT_LINKED		"{softwareQuality=MAINTAINABILITY, severity=MEDIUM} / "	Member 'templateService' is never reassigned; mark it as `readonly`.	2026-06-15T20:14:57+0000	true	"type-dependent / confusing / "		com.carajillolabs:sif-web:src/app/features/templates/template-detail.page.ts	false	{startLine=26.0, endLine=26.0, startOffset=2.0, endOffset=25.0}	2min	ca7ad36b323e8274c5dce83940df7f01	OPEN
2026-06-17T16:41:58+0000	27.0	typescript:S2933	com.carajillolabs:sif-web	2min	CODE_SMELL	CLEAR		OPEN		MAIN	df61df31-5c50-4710-9d64-6bc6741e2e10	MAJOR		ivan.duart@grupogimeno.com	false	INTENTIONAL	NOT_LINKED		"{softwareQuality=MAINTAINABILITY, severity=MEDIUM} / "	Member 'tenantCtx' is never reassigned; mark it as `readonly`.	2026-06-15T20:14:57+0000	true	"type-dependent / confusing / "		com.carajillolabs:sif-web:src/app/features/templates/template-detail.page.ts	false	{startLine=27.0, endLine=27.0, startOffset=2.0, endOffset=19.0}	2min	fe261700e8e5053e3822d6b04530b92a	OPEN
2026-06-17T16:41:58+0000	28.0	typescript:S2933	com.carajillolabs:sif-web	2min	CODE_SMELL	CLEAR		OPEN		MAIN	3289a455-3142-417c-8863-6770e4632183	MAJOR		ivan.duart@grupogimeno.com	false	INTENTIONAL	NOT_LINKED		"{softwareQuality=MAINTAINABILITY, severity=MEDIUM} / "	Member 'dialogService' is never reassigned; mark it as `readonly`.	2026-06-15T20:14:57+0000	true	"type-dependent / confusing / "		com.carajillolabs:sif-web:src/app/features/templates/template-detail.page.ts	false	{startLine=28.0, endLine=28.0, startOffset=2.0, endOffset=23.0}	2min	433a9f2e31b679330f1887e8d4855f43	OPEN
2026-06-17T16:41:58+0000	29.0	typescript:S2933	com.carajillolabs:sif-web	2min	CODE_SMELL	CLEAR		OPEN		MAIN	82212896-053b-4d3a-9a5b-a4384c6107a8	MAJOR		ivan.duart@grupogimeno.com	false	INTENTIONAL	NOT_LINKED		"{softwareQuality=MAINTAINABILITY, severity=MEDIUM} / "	Member 'messageService' is never reassigned; mark it as `readonly`.	2026-06-15T20:14:57+0000	true	"type-dependent / confusing / "		com.carajillolabs:sif-web:src/app/features/templates/template-detail.page.ts	false	{startLine=29.0, endLine=29.0, startOffset=2.0, endOffset=24.0}	2min	36df480421b23553d28f976884da29c3	OPEN
2026-06-17T16:41:58+0000	30.0	typescript:S2933	com.carajillolabs:sif-web	2min	CODE_SMELL	CLEAR		OPEN		MAIN	731e0aa9-831e-494c-bc64-b290e295a65c	MAJOR		ivan.duart@grupogimeno.com	false	INTENTIONAL	NOT_LINKED		"{softwareQuality=MAINTAINABILITY, severity=MEDIUM} / "	Member 'confirmationService' is never reassigned; mark it as `readonly`.	2026-06-15T20:14:57+0000	true	"type-dependent / confusing / "		com.carajillolabs:sif-web:src/app/features/templates/template-detail.page.ts	false	{startLine=30.0, endLine=30.0, startOffset=2.0, endOffset=29.0}	2min	a093270cc09d8e570ee6da1e1e077f33	OPEN
2026-06-17T16:41:58+0000	20.0	typescript:S2933	com.carajillolabs:sif-web	2min	CODE_SMELL	CLEAR		OPEN		MAIN	4c52f10c-8906-41bf-baba-0ca229743a13	MAJOR		ivan.duart@grupogimeno.com	false	INTENTIONAL	NOT_LINKED		"{softwareQuality=MAINTAINABILITY, severity=MEDIUM} / "	Member 'templateService' is never reassigned; mark it as `readonly`.	2026-06-15T20:14:57+0000	true	"type-dependent / confusing / "		com.carajillolabs:sif-web:src/app/features/templates/template-upload.dialog.ts	false	{startLine=20.0, endLine=20.0, startOffset=2.0, endOffset=25.0}	2min	ca7ad36b323e8274c5dce83940df7f01	OPEN
2026-06-17T16:41:58+0000	21.0	typescript:S2933	com.carajillolabs:sif-web	2min	CODE_SMELL	CLEAR		OPEN		MAIN	06219f9d-5e1c-4897-a4a1-b83dc692695f	MAJOR		ivan.duart@grupogimeno.com	false	INTENTIONAL	NOT_LINKED		"{softwareQuality=MAINTAINABILITY, severity=MEDIUM} / "	Member 'tenantCtx' is never reassigned; mark it as `readonly`.	2026-06-15T20:14:57+0000	true	"type-dependent / confusing / "		com.carajillolabs:sif-web:src/app/features/templates/template-upload.dialog.ts	false	{startLine=21.0, endLine=21.0, startOffset=2.0, endOffset=19.0}	2min	fe261700e8e5053e3822d6b04530b92a	OPEN
2026-06-17T16:41:58+0000	22.0	typescript:S2933	com.carajillolabs:sif-web	2min	CODE_SMELL	CLEAR		OPEN		MAIN	fb9c1ab8-21aa-421e-89aa-56af82ff4114	MAJOR		ivan.duart@grupogimeno.com	false	INTENTIONAL	NOT_LINKED		"{softwareQuality=MAINTAINABILITY, severity=MEDIUM} / "	Member 'messageService' is never reassigned; mark it as `readonly`.	2026-06-15T20:14:57+0000	true	"type-dependent / confusing / "		com.carajillolabs:sif-web:src/app/features/templates/template-upload.dialog.ts	false	{startLine=22.0, endLine=22.0, startOffset=2.0, endOffset=24.0}	2min	36df480421b23553d28f976884da29c3	OPEN
2026-06-17T16:41:58+0000	32.0	typescript:S2933	com.carajillolabs:sif-web	2min	CODE_SMELL	CLEAR		OPEN		MAIN	00c260bc-4787-457b-92a5-2fe8a5bd8b2f	MAJOR		ivan.duart@grupogimeno.com	false	INTENTIONAL	NOT_LINKED		"{softwareQuality=MAINTAINABILITY, severity=MEDIUM} / "	Member 'router' is never reassigned; mark it as `readonly`.	2026-06-15T20:14:57+0000	true	"type-dependent / confusing / "		com.carajillolabs:sif-web:src/app/features/templates/templates-list.page.ts	false	{startLine=32.0, endLine=32.0, startOffset=2.0, endOffset=16.0}	2min	485a52b26a92033d75512f6e1d964326	OPEN
2026-06-17T16:41:58+0000	68.0	typescript:S2933	com.carajillolabs:sif-web	2min	CODE_SMELL	CLEAR		OPEN		MAIN	a5b6a3db-1070-4d3a-bf84-5b846a60ebf2	MAJOR		ivan.duart@grupogimeno.com	false	INTENTIONAL	NOT_LINKED		"{softwareQuality=MAINTAINABILITY, severity=MEDIUM} / "	Member 'authService' is never reassigned; mark it as `readonly`.	2026-06-15T20:14:57+0000	true	"type-dependent / confusing / "		com.carajillolabs:sif-web:src/app/features/tenant/dashboard/tenant-dashboard.component.ts	false	{startLine=68.0, endLine=68.0, startOffset=2.0, endOffset=21.0}	2min	6c7e5d247a0ad131f41c092397484624	OPEN
2026-06-17T16:41:58+0000	69.0	typescript:S2933	com.carajillolabs:sif-web	2min	CODE_SMELL	CLEAR		OPEN		MAIN	28d50c36-27bd-4c41-9bce-74d1d7604dd6	MAJOR		ivan.duart@grupogimeno.com	false	INTENTIONAL	NOT_LINKED		"{softwareQuality=MAINTAINABILITY, severity=MEDIUM} / "	Member 'appointmentService' is never reassigned; mark it as `readonly`.	2026-06-15T20:14:57+0000	true	"type-dependent / confusing / "		com.carajillolabs:sif-web:src/app/features/tenant/dashboard/tenant-dashboard.component.ts	false	{startLine=69.0, endLine=69.0, startOffset=2.0, endOffset=28.0}	2min	353c834503f1b0c1b89915a454574253	OPEN
2026-06-17T16:41:58+0000	70.0	typescript:S2933	com.carajillolabs:sif-web	2min	CODE_SMELL	CLEAR		OPEN		MAIN	e9394ae6-b2d0-4ec0-97d0-635d6fd3283b	MAJOR		ivan.duart@grupogimeno.com	false	INTENTIONAL	NOT_LINKED		"{softwareQuality=MAINTAINABILITY, severity=MEDIUM} / "	Member 'dialogService' is never reassigned; mark it as `readonly`.	2026-06-15T20:14:57+0000	true	"type-dependent / confusing / "		com.carajillolabs:sif-web:src/app/features/tenant/dashboard/tenant-dashboard.component.ts	false	{startLine=70.0, endLine=70.0, startOffset=2.0, endOffset=23.0}	2min	433a9f2e31b679330f1887e8d4855f43	OPEN
2026-06-17T16:41:58+0000	71.0	typescript:S2933	com.carajillolabs:sif-web	2min	CODE_SMELL	CLEAR		OPEN		MAIN	bdb4f0c4-02f9-4a1a-bcb7-d9bfcaf3d088	MAJOR		ivan.duart@grupogimeno.com	false	INTENTIONAL	NOT_LINKED		"{softwareQuality=MAINTAINABILITY, severity=MEDIUM} / "	Member 'messageService' is never reassigned; mark it as `readonly`.	2026-06-15T20:14:57+0000	true	"type-dependent / confusing / "		com.carajillolabs:sif-web:src/app/features/tenant/dashboard/tenant-dashboard.component.ts	false	{startLine=71.0, endLine=71.0, startOffset=2.0, endOffset=24.0}	2min	36df480421b23553d28f976884da29c3	OPEN
2026-06-17T16:41:58+0000	72.0	typescript:S2933	com.carajillolabs:sif-web	2min	CODE_SMELL	CLEAR		OPEN		MAIN	d95282cc-d147-4a38-9160-7e3edc7611d3	MAJOR		ivan.duart@grupogimeno.com	false	INTENTIONAL	NOT_LINKED		"{softwareQuality=MAINTAINABILITY, severity=MEDIUM} / "	Member 'transloco' is never reassigned; mark it as `readonly`.	2026-06-15T20:14:57+0000	true	"type-dependent / confusing / "		com.carajillolabs:sif-web:src/app/features/tenant/dashboard/tenant-dashboard.component.ts	false	{startLine=72.0, endLine=72.0, startOffset=2.0, endOffset=19.0}	2min	0ed583e5ec892474e0aff3b9706bf85a	OPEN
2026-06-17T16:41:58+0000	204.0	typescript:S4325	com.carajillolabs:sif-web	1min	CODE_SMELL	CLEAR		OPEN		MAIN	73c67c62-bacc-4a2f-99e6-3b54a0f8ba08	MINOR		ivan.duart@grupogimeno.com	false	INTENTIONAL	NOT_LINKED		"{softwareQuality=MAINTAINABILITY, severity=LOW} / "	This assertion is unnecessary since it does not change the type of the expression.	2026-06-15T20:14:57+0000	true	"type-dependent / redundant / "		com.carajillolabs:sif-web:src/app/features/tenant/dashboard/tenant-dashboard.component.ts	false	{startLine=204.0, endLine=204.0, startOffset=18.0, endOffset=36.0}	1min	83423ad2ff1cc380e98ef71ce7e55b33	OPEN
2026-06-17T16:41:58+0000	205.0	typescript:S4325	com.carajillolabs:sif-web	1min	CODE_SMELL	CLEAR		OPEN		MAIN	4b781f76-58c5-4c32-9474-97903a735385	MINOR		ivan.duart@grupogimeno.com	false	INTENTIONAL	NOT_LINKED		"{softwareQuality=MAINTAINABILITY, severity=LOW} / "	This assertion is unnecessary since it does not change the type of the expression.	2026-06-15T20:14:57+0000	true	"type-dependent / redundant / "		com.carajillolabs:sif-web:src/app/features/tenant/dashboard/tenant-dashboard.component.ts	false	{startLine=205.0, endLine=205.0, startOffset=16.0, endOffset=32.0}	1min	9cc1ef331d61c42c9a9deaa386c421cb	OPEN
2026-06-17T16:41:58+0000	25.0	typescript:S2933	com.carajillolabs:sif-web	2min	CODE_SMELL	CLEAR		OPEN		MAIN	a36512b1-1a61-4983-af7b-13c43f765cef	MAJOR		ivan.duart@grupogimeno.com	false	INTENTIONAL	NOT_LINKED		"{softwareQuality=MAINTAINABILITY, severity=MEDIUM} / "	Member 'transloco' is never reassigned; mark it as `readonly`.	2026-06-15T20:14:57+0000	true	"type-dependent / confusing / "		com.carajillolabs:sif-web:src/app/features/users/invite-user.dialog.ts	false	{startLine=25.0, endLine=25.0, startOffset=2.0, endOffset=19.0}	2min	0ed583e5ec892474e0aff3b9706bf85a	OPEN
2026-06-17T16:41:58+0000	26.0	typescript:S2933	com.carajillolabs:sif-web	2min	CODE_SMELL	CLEAR		OPEN		MAIN	897c897b-7547-4d45-8a2b-9785f6520d90	MAJOR		ivan.duart@grupogimeno.com	false	INTENTIONAL	NOT_LINKED		"{softwareQuality=MAINTAINABILITY, severity=MEDIUM} / "	Member 'transloco' is never reassigned; mark it as `readonly`.	2026-06-15T20:14:57+0000	true	"type-dependent / confusing / "		com.carajillolabs:sif-web:src/app/features/users/measurement-form.dialog.ts	false	{startLine=26.0, endLine=26.0, startOffset=2.0, endOffset=19.0}	2min	0ed583e5ec892474e0aff3b9706bf85a	OPEN
2026-06-17T16:41:58+0000	21.0	typescript:S2933	com.carajillolabs:sif-web	2min	CODE_SMELL	CLEAR		OPEN		MAIN	2a73d299-3dd0-49ed-8ce2-7ed03bcb8ada	MAJOR		ivan.duart@grupogimeno.com	false	INTENTIONAL	NOT_LINKED		"{softwareQuality=MAINTAINABILITY, severity=MEDIUM} / "	Member 'fb' is never reassigned; mark it as `readonly`.	2026-06-15T20:14:57+0000	true	"type-dependent / confusing / "		com.carajillolabs:sif-web:src/app/features/users/patient-profile-form.dialog.ts	false	{startLine=21.0, endLine=21.0, startOffset=2.0, endOffset=12.0}	2min	38fc3aa3201be3fc0d2eca460eced79f	OPEN
2026-06-17T16:41:58+0000	22.0	typescript:S2933	com.carajillolabs:sif-web	2min	CODE_SMELL	CLEAR		OPEN		MAIN	f25560e7-4893-4139-af13-61ef69af5bf8	MAJOR		ivan.duart@grupogimeno.com	false	INTENTIONAL	NOT_LINKED		"{softwareQuality=MAINTAINABILITY, severity=MEDIUM} / "	Member 'userRoleService' is never reassigned; mark it as `readonly`.	2026-06-15T20:14:57+0000	true	"type-dependent / confusing / "		com.carajillolabs:sif-web:src/app/features/users/patient-profile-form.dialog.ts	false	{startLine=22.0, endLine=22.0, startOffset=2.0, endOffset=25.0}	2min	413ba1fee2163226cbb0836904904f66	OPEN
2026-06-17T16:41:58+0000	23.0	typescript:S2933	com.carajillolabs:sif-web	2min	CODE_SMELL	CLEAR		OPEN		MAIN	3990a3f4-097e-4cbf-b87c-c024ae98f136	MAJOR		ivan.duart@grupogimeno.com	false	INTENTIONAL	NOT_LINKED		"{softwareQuality=MAINTAINABILITY, severity=MEDIUM} / "	Member 'tenantCtx' is never reassigned; mark it as `readonly`.	2026-06-15T20:14:57+0000	true	"type-dependent / confusing / "		com.carajillolabs:sif-web:src/app/features/users/patient-profile-form.dialog.ts	false	{startLine=23.0, endLine=23.0, startOffset=2.0, endOffset=19.0}	2min	fe261700e8e5053e3822d6b04530b92a	OPEN
2026-06-17T16:41:58+0000	24.0	typescript:S2933	com.carajillolabs:sif-web	2min	CODE_SMELL	CLEAR		OPEN		MAIN	755dcfaf-482b-4874-b4c0-fc022031ae51	MAJOR		ivan.duart@grupogimeno.com	false	INTENTIONAL	NOT_LINKED		"{softwareQuality=MAINTAINABILITY, severity=MEDIUM} / "	Member 'messageService' is never reassigned; mark it as `readonly`.	2026-06-15T20:14:57+0000	true	"type-dependent / confusing / "		com.carajillolabs:sif-web:src/app/features/users/patient-profile-form.dialog.ts	false	{startLine=24.0, endLine=24.0, startOffset=2.0, endOffset=24.0}	2min	36df480421b23553d28f976884da29c3	OPEN
2026-06-17T16:41:58+0000	25.0	typescript:S2933	com.carajillolabs:sif-web	2min	CODE_SMELL	CLEAR		OPEN		MAIN	1e7d21ac-112e-4517-9951-a99d59d524cb	MAJOR		ivan.duart@grupogimeno.com	false	INTENTIONAL	NOT_LINKED		"{softwareQuality=MAINTAINABILITY, severity=MEDIUM} / "	Member 'transloco' is never reassigned; mark it as `readonly`.	2026-06-15T20:14:57+0000	true	"type-dependent / confusing / "		com.carajillolabs:sif-web:src/app/features/users/patient-profile-form.dialog.ts	false	{startLine=25.0, endLine=25.0, startOffset=2.0, endOffset=19.0}	2min	0ed583e5ec892474e0aff3b9706bf85a	OPEN
2026-06-17T16:41:58+0000	55.0	typescript:S2933	com.carajillolabs:sif-web	2min	CODE_SMELL	CLEAR		OPEN		MAIN	d51e1b96-b75c-4695-b382-cb2dccc8c8a7	MAJOR		ivan.duart@grupogimeno.com	false	INTENTIONAL	NOT_LINKED		"{softwareQuality=MAINTAINABILITY, severity=MEDIUM} / "	Member 'appointmentService' is never reassigned; mark it as `readonly`.	2026-06-15T20:14:57+0000	true	"type-dependent / confusing / "		com.carajillolabs:sif-web:src/app/features/users/user-detail.page.ts	false	{startLine=55.0, endLine=55.0, startOffset=2.0, endOffset=28.0}	2min	353c834503f1b0c1b89915a454574253	OPEN
2026-06-17T16:41:58+0000	61.0	typescript:S2933	com.carajillolabs:sif-web	2min	CODE_SMELL	CLEAR		OPEN		MAIN	2d597473-c041-4951-93f9-35a6e24c3558	MAJOR		ivan.duart@grupogimeno.com	false	INTENTIONAL	NOT_LINKED		"{softwareQuality=MAINTAINABILITY, severity=MEDIUM} / "	Member 'permissionsService' is never reassigned; mark it as `readonly`.	2026-06-15T20:14:57+0000	true	"type-dependent / confusing / "		com.carajillolabs:sif-web:src/app/features/users/user-detail.page.ts	false	{startLine=61.0, endLine=61.0, startOffset=2.0, endOffset=28.0}	2min	42f7f2b758e2a43d79670a99f5e36a17	OPEN
2026-06-17T16:41:58+0000	25.0	typescript:S2933	com.carajillolabs:sif-web	2min	CODE_SMELL	CLEAR		OPEN		MAIN	16d217b6-fb7c-4d57-9c4a-4cbbe7cb2317	MAJOR		ivan.duart@grupogimeno.com	false	INTENTIONAL	NOT_LINKED		"{softwareQuality=MAINTAINABILITY, severity=MEDIUM} / "	Member 'fb' is never reassigned; mark it as `readonly`.	2026-06-10T19:16:33+0000	true	"type-dependent / confusing / "		com.carajillolabs:sif-web:src/app/features/users/edit-user.dialog.ts	false	{startLine=25.0, endLine=25.0, startOffset=2.0, endOffset=12.0}	2min	38fc3aa3201be3fc0d2eca460eced79f	OPEN
2026-06-17T16:41:58+0000	26.0	typescript:S2933	com.carajillolabs:sif-web	2min	CODE_SMELL	CLEAR		OPEN		MAIN	34e534e3-1712-493c-adad-42d5d7e83e93	MAJOR		ivan.duart@grupogimeno.com	false	INTENTIONAL	NOT_LINKED		"{softwareQuality=MAINTAINABILITY, severity=MEDIUM} / "	Member 'userRoleService' is never reassigned; mark it as `readonly`.	2026-06-10T19:16:33+0000	true	"type-dependent / confusing / "		com.carajillolabs:sif-web:src/app/features/users/edit-user.dialog.ts	false	{startLine=26.0, endLine=26.0, startOffset=2.0, endOffset=25.0}	2min	413ba1fee2163226cbb0836904904f66	OPEN
2026-06-17T16:41:58+0000	27.0	typescript:S2933	com.carajillolabs:sif-web	2min	CODE_SMELL	CLEAR		OPEN		MAIN	e45b5a15-bf1e-4520-a4aa-9a67a378f5bb	MAJOR		ivan.duart@grupogimeno.com	false	INTENTIONAL	NOT_LINKED		"{softwareQuality=MAINTAINABILITY, severity=MEDIUM} / "	Member 'tenantCtx' is never reassigned; mark it as `readonly`.	2026-06-10T19:16:33+0000	true	"type-dependent / confusing / "		com.carajillolabs:sif-web:src/app/features/users/edit-user.dialog.ts	false	{startLine=27.0, endLine=27.0, startOffset=2.0, endOffset=19.0}	2min	fe261700e8e5053e3822d6b04530b92a	OPEN
2026-06-17T16:41:58+0000	28.0	typescript:S2933	com.carajillolabs:sif-web	2min	CODE_SMELL	CLEAR		OPEN		MAIN	5b9265da-4297-4267-9e02-e8fef9d8f639	MAJOR		ivan.duart@grupogimeno.com	false	INTENTIONAL	NOT_LINKED		"{softwareQuality=MAINTAINABILITY, severity=MEDIUM} / "	Member 'messageService' is never reassigned; mark it as `readonly`.	2026-06-10T19:16:33+0000	true	"type-dependent / confusing / "		com.carajillolabs:sif-web:src/app/features/users/edit-user.dialog.ts	false	{startLine=28.0, endLine=28.0, startOffset=2.0, endOffset=24.0}	2min	36df480421b23553d28f976884da29c3	OPEN
2026-06-17T16:41:58+0000	29.0	typescript:S2933	com.carajillolabs:sif-web	2min	CODE_SMELL	CLEAR		OPEN		MAIN	d586ae28-5af9-4c3d-838b-ccfb56fce803	MAJOR		ivan.duart@grupogimeno.com	false	INTENTIONAL	NOT_LINKED		"{softwareQuality=MAINTAINABILITY, severity=MEDIUM} / "	Member 'transloco' is never reassigned; mark it as `readonly`.	2026-06-10T19:16:33+0000	true	"type-dependent / confusing / "		com.carajillolabs:sif-web:src/app/features/users/edit-user.dialog.ts	false	{startLine=29.0, endLine=29.0, startOffset=2.0, endOffset=19.0}	2min	0ed583e5ec892474e0aff3b9706bf85a	OPEN
2026-06-17T16:41:58+0000	40.0	typescript:S2933	com.carajillolabs:sif-web	2min	CODE_SMELL	CLEAR		OPEN		MAIN	807de808-b67c-4d18-9051-d51aa32a3308	MAJOR		ivan.duart@grupogimeno.com	false	INTENTIONAL	NOT_LINKED		"{softwareQuality=MAINTAINABILITY, severity=MEDIUM} / "	Member 'tenantId' is never reassigned; mark it as `readonly`.	2026-06-10T19:16:33+0000	true	"type-dependent / confusing / "		com.carajillolabs:sif-web:src/app/features/users/edit-user.dialog.ts	false	{startLine=40.0, endLine=40.0, startOffset=2.0, endOffset=18.0}	2min	de4f5a030667310de68696ccb40ee5e3	OPEN
2026-06-17T16:41:58+0000	78.0	typescript:S7773	com.carajillolabs:sif-web	2min	CODE_SMELL	CONVENTIONAL		OPEN		MAIN	e4240c5f-1373-49c3-aa9e-c18cba888b29	MINOR		ivan.duart@grupogimeno.com	false	CONSISTENT	NOT_LINKED		"{softwareQuality=RELIABILITY, severity=MEDIUM} / {softwareQuality=MAINTAINABILITY, severity=LOW} / "	Prefer `Number.isNaN` over `isNaN`.	2026-06-10T19:16:33+0000	true	"convention / es2015 / "		com.carajillolabs:sif-web:src/app/features/users/edit-user.dialog.ts	false	{startLine=78.0, endLine=78.0, startOffset=11.0, endOffset=16.0}	2min	f409402af5ee16577d3b9a3e4ceb5c3b	OPEN
2026-06-17T16:41:58+0000	95.0	typescript:S4325	com.carajillolabs:sif-web	1min	CODE_SMELL	CLEAR		OPEN		MAIN	0e121f63-6cc3-458a-b53f-a9e4029c6c45	MINOR		ivan.duart@grupogimeno.com	false	INTENTIONAL	NOT_LINKED		"{softwareQuality=MAINTAINABILITY, severity=LOW} / "	This assertion is unnecessary since it does not change the type of the expression.	2026-06-09T19:26:01+0000	true	"type-dependent / redundant / "		com.carajillolabs:sif-web:src/app/features/users/invite-user.dialog.ts	false	{startLine=95.0, endLine=95.0, startOffset=27.0, endOffset=48.0}	1min	6975b8ead9caf96049aaeed67fd5f4a5	OPEN
2026-06-17T16:41:58+0000	23.0	typescript:S2933	com.carajillolabs:sif-web	2min	CODE_SMELL	CLEAR		OPEN		MAIN	d1d2bc78-c969-433b-9e54-9b56a4d7c44b	MAJOR		ivan.duart@grupogimeno.com	false	INTENTIONAL	NOT_LINKED		"{softwareQuality=MAINTAINABILITY, severity=MEDIUM} / "	Member 'fb' is never reassigned; mark it as `readonly`.	2026-06-09T19:26:01+0000	true	"type-dependent / confusing / "		com.carajillolabs:sif-web:src/app/features/users/measurement-form.dialog.ts	false	{startLine=23.0, endLine=23.0, startOffset=2.0, endOffset=12.0}	2min	38fc3aa3201be3fc0d2eca460eced79f	OPEN
2026-06-17T16:41:58+0000	24.0	typescript:S2933	com.carajillolabs:sif-web	2min	CODE_SMELL	CLEAR		OPEN		MAIN	d4be3852-ed42-4bdd-b1f5-894cd486c476	MAJOR		ivan.duart@grupogimeno.com	false	INTENTIONAL	NOT_LINKED		"{softwareQuality=MAINTAINABILITY, severity=MEDIUM} / "	Member 'measurementService' is never reassigned; mark it as `readonly`.	2026-06-09T19:26:01+0000	true	"type-dependent / confusing / "		com.carajillolabs:sif-web:src/app/features/users/measurement-form.dialog.ts	false	{startLine=24.0, endLine=24.0, startOffset=2.0, endOffset=28.0}	2min	a56e50296c2901e5df17439021fd0554	OPEN
2026-06-17T16:41:58+0000	25.0	typescript:S2933	com.carajillolabs:sif-web	2min	CODE_SMELL	CLEAR		OPEN		MAIN	83fd927f-e09a-4086-95cd-0f7dc87d8ee4	MAJOR		ivan.duart@grupogimeno.com	false	INTENTIONAL	NOT_LINKED		"{softwareQuality=MAINTAINABILITY, severity=MEDIUM} / "	Member 'tenantCtx' is never reassigned; mark it as `readonly`.	2026-06-09T19:26:01+0000	true	"type-dependent / confusing / "		com.carajillolabs:sif-web:src/app/features/users/measurement-form.dialog.ts	false	{startLine=25.0, endLine=25.0, startOffset=2.0, endOffset=19.0}	2min	fe261700e8e5053e3822d6b04530b92a	OPEN
2026-06-17T16:41:58+0000	85.0	typescript:S4325	com.carajillolabs:sif-web	1min	CODE_SMELL	CLEAR		OPEN		MAIN	818efe2e-189f-4569-87ea-28556659f505	MINOR		ivan.duart@grupogimeno.com	false	INTENTIONAL	NOT_LINKED		"{softwareQuality=MAINTAINABILITY, severity=LOW} / "	This assertion is unnecessary since it does not change the type of the expression.	2026-06-09T19:26:01+0000	true	"type-dependent / redundant / "		com.carajillolabs:sif-web:src/app/features/users/measurement-form.dialog.ts	false	{startLine=85.0, endLine=85.0, startOffset=46.0, endOffset=68.0}	1min	00acfe771b62d2b3f340e4ef3e8494f0	OPEN
2026-06-17T16:41:58+0000	51.0	typescript:S2933	com.carajillolabs:sif-web	2min	CODE_SMELL	CLEAR		OPEN		MAIN	79dc358b-676b-498a-a7d9-37d8d8098b42	MAJOR		ivan.duart@grupogimeno.com	false	INTENTIONAL	NOT_LINKED		"{softwareQuality=MAINTAINABILITY, severity=MEDIUM} / "	Member 'route' is never reassigned; mark it as `readonly`.	2026-06-09T19:26:01+0000	true	"type-dependent / confusing / "		com.carajillolabs:sif-web:src/app/features/users/user-detail.page.ts	false	{startLine=51.0, endLine=51.0, startOffset=2.0, endOffset=15.0}	2min	ae107aa1a4304e6c737d0a116fe7b182	OPEN
2026-06-17T16:41:58+0000	52.0	typescript:S2933	com.carajillolabs:sif-web	2min	CODE_SMELL	CLEAR		OPEN		MAIN	a3164204-ce02-48de-b1d9-9ac9f959f4f6	MAJOR		ivan.duart@grupogimeno.com	false	INTENTIONAL	NOT_LINKED		"{softwareQuality=MAINTAINABILITY, severity=MEDIUM} / "	Member 'userTenantRoleService' is never reassigned; mark it as `readonly`.	2026-06-09T19:26:01+0000	true	"type-dependent / confusing / "		com.carajillolabs:sif-web:src/app/features/users/user-detail.page.ts	false	{startLine=52.0, endLine=52.0, startOffset=2.0, endOffset=31.0}	2min	0e6bb8a1d09ac180d279b9bfeb4ae8c4	OPEN
2026-06-17T16:41:58+0000	53.0	typescript:S2933	com.carajillolabs:sif-web	2min	CODE_SMELL	CLEAR		OPEN		MAIN	73d1bfd3-2bd5-4a7b-976c-1cf0a4b2eccb	MAJOR		ivan.duart@grupogimeno.com	false	INTENTIONAL	NOT_LINKED		"{softwareQuality=MAINTAINABILITY, severity=MEDIUM} / "	Member 'measurementService' is never reassigned; mark it as `readonly`.	2026-06-09T19:26:01+0000	true	"type-dependent / confusing / "		com.carajillolabs:sif-web:src/app/features/users/user-detail.page.ts	false	{startLine=53.0, endLine=53.0, startOffset=2.0, endOffset=28.0}	2min	a56e50296c2901e5df17439021fd0554	OPEN
2026-06-17T16:41:58+0000	54.0	typescript:S2933	com.carajillolabs:sif-web	2min	CODE_SMELL	CLEAR		OPEN		MAIN	46b4fc6f-aacf-4182-8766-e1337ebc93e5	MAJOR		ivan.duart@grupogimeno.com	false	INTENTIONAL	NOT_LINKED		"{softwareQuality=MAINTAINABILITY, severity=MEDIUM} / "	Member 'menuService' is never reassigned; mark it as `readonly`.	2026-06-09T19:26:01+0000	true	"type-dependent / confusing / "		com.carajillolabs:sif-web:src/app/features/users/user-detail.page.ts	false	{startLine=54.0, endLine=54.0, startOffset=2.0, endOffset=21.0}	2min	61b7565b042017c0563522b375b1aecd	OPEN
2026-06-17T16:41:58+0000	56.0	typescript:S2933	com.carajillolabs:sif-web	2min	CODE_SMELL	CLEAR		OPEN		MAIN	96bb597f-0bfd-48dd-a042-3b81cbf7a041	MAJOR		ivan.duart@grupogimeno.com	false	INTENTIONAL	NOT_LINKED		"{softwareQuality=MAINTAINABILITY, severity=MEDIUM} / "	Member 'tenantCtx' is never reassigned; mark it as `readonly`.	2026-06-09T19:26:01+0000	true	"type-dependent / confusing / "		com.carajillolabs:sif-web:src/app/features/users/user-detail.page.ts	false	{startLine=56.0, endLine=56.0, startOffset=2.0, endOffset=19.0}	2min	fe261700e8e5053e3822d6b04530b92a	OPEN
2026-06-17T16:41:58+0000	57.0	typescript:S2933	com.carajillolabs:sif-web	2min	CODE_SMELL	CLEAR		OPEN		MAIN	80b13b65-fa2f-4dda-91c1-aeb23105ce77	MAJOR		ivan.duart@grupogimeno.com	false	INTENTIONAL	NOT_LINKED		"{softwareQuality=MAINTAINABILITY, severity=MEDIUM} / "	Member 'confirmationService' is never reassigned; mark it as `readonly`.	2026-06-09T19:26:01+0000	true	"type-dependent / confusing / "		com.carajillolabs:sif-web:src/app/features/users/user-detail.page.ts	false	{startLine=57.0, endLine=57.0, startOffset=2.0, endOffset=29.0}	2min	a093270cc09d8e570ee6da1e1e077f33	OPEN
2026-06-17T16:41:58+0000	58.0	typescript:S2933	com.carajillolabs:sif-web	2min	CODE_SMELL	CLEAR		OPEN		MAIN	2e80fd16-8640-4f3c-ad75-6870a20d4499	MAJOR		ivan.duart@grupogimeno.com	false	INTENTIONAL	NOT_LINKED		"{softwareQuality=MAINTAINABILITY, severity=MEDIUM} / "	Member 'messageService' is never reassigned; mark it as `readonly`.	2026-06-09T19:26:01+0000	true	"type-dependent / confusing / "		com.carajillolabs:sif-web:src/app/features/users/user-detail.page.ts	false	{startLine=58.0, endLine=58.0, startOffset=2.0, endOffset=24.0}	2min	36df480421b23553d28f976884da29c3	OPEN
2026-06-17T16:41:58+0000	59.0	typescript:S2933	com.carajillolabs:sif-web	2min	CODE_SMELL	CLEAR		OPEN		MAIN	9212b137-5044-4107-8c3f-b11280674610	MAJOR		ivan.duart@grupogimeno.com	false	INTENTIONAL	NOT_LINKED		"{softwareQuality=MAINTAINABILITY, severity=MEDIUM} / "	Member 'dialogService' is never reassigned; mark it as `readonly`.	2026-06-09T19:26:01+0000	true	"type-dependent / confusing / "		com.carajillolabs:sif-web:src/app/features/users/user-detail.page.ts	false	{startLine=59.0, endLine=59.0, startOffset=2.0, endOffset=23.0}	2min	433a9f2e31b679330f1887e8d4855f43	OPEN
2026-06-17T16:41:58+0000	60.0	typescript:S2933	com.carajillolabs:sif-web	2min	CODE_SMELL	CLEAR		OPEN		MAIN	314970a6-1f3e-4e1b-b426-39bbd27452d0	MAJOR		ivan.duart@grupogimeno.com	false	INTENTIONAL	NOT_LINKED		"{softwareQuality=MAINTAINABILITY, severity=MEDIUM} / "	Member 'transloco' is never reassigned; mark it as `readonly`.	2026-06-09T19:26:01+0000	true	"type-dependent / confusing / "		com.carajillolabs:sif-web:src/app/features/users/user-detail.page.ts	false	{startLine=60.0, endLine=60.0, startOffset=2.0, endOffset=19.0}	2min	0ed583e5ec892474e0aff3b9706bf85a	OPEN
2026-06-17T16:41:58+0000	84.0	typescript:S7778	com.carajillolabs:sif-web	5min	CODE_SMELL	CLEAR		OPEN		MAIN	ac70f71a-5312-4b85-8b17-1ac69bddb565	MINOR		ivan.duart@grupogimeno.com	false	INTENTIONAL	NOT_LINKED		"{softwareQuality=MAINTAINABILITY, severity=LOW} / "	Do not call `Array#push()` multiple times.	2026-06-09T19:26:01+0000	true	"readability / performance / "		com.carajillolabs:sif-web:src/app/layout/shell/shell.ts	false	{startLine=84.0, endLine=84.0, startOffset=12.0, endOffset=16.0}	5min	ca5e125d2ed2a5ff07c2eccac9459675	OPEN
2026-06-17T16:41:58+0000	27.0	typescript:S7773	com.carajillolabs:sif-web	2min	CODE_SMELL	CONVENTIONAL		OPEN		MAIN	c78b8d37-8523-4bdb-a611-b56d3538d5fe	MINOR		ivan.duart@grupogimeno.com	false	CONSISTENT	NOT_LINKED		"{softwareQuality=RELIABILITY, severity=MEDIUM} / {softwareQuality=MAINTAINABILITY, severity=LOW} / "	Prefer `Number.isNaN` over `isNaN`.	2026-06-09T19:26:01+0000	true	"convention / es2015 / "		com.carajillolabs:sif-web:src/app/shared/utils/date.ts	false	{startLine=27.0, endLine=27.0, startOffset=9.0, endOffset=14.0}	2min	db98f5f78d1832ffa8fe45ff79abf487	OPEN
2026-06-17T16:41:58+0000	1.0	typescript:S1874	com.carajillolabs:sif-web	15min	CODE_SMELL	CONVENTIONAL		OPEN		MAIN	0342b536-da90-4902-9855-5eee473976b2	MINOR		ivan.duart@grupogimeno.com	false	CONSISTENT	NOT_LINKED		"{softwareQuality=MAINTAINABILITY, severity=LOW} / "	'APP_INITIALIZER' is deprecated.	2026-06-08T20:06:47+0000	false	"cwe / type-dependent / obsolete / "		com.carajillolabs:sif-web:src/app/app.config.ts	false	{startLine=1.0, endLine=1.0, startOffset=56.0, endOffset=71.0}	15min	ab8a87d6dac0406de722097353a8f873	OPEN
2026-06-17T16:41:58+0000	4.0	typescript:S1874	com.carajillolabs:sif-web	15min	CODE_SMELL	CONVENTIONAL		OPEN		MAIN	f1ee4266-9656-4c18-bcf9-b33e950b0791	MINOR		ivan.duart@grupogimeno.com	false	CONSISTENT	NOT_LINKED		"{softwareQuality=MAINTAINABILITY, severity=LOW} / "	'provideAnimationsAsync' is deprecated.	2026-06-08T20:06:47+0000	false	"cwe / type-dependent / obsolete / "		com.carajillolabs:sif-web:src/app/app.config.ts	false	{startLine=4.0, endLine=4.0, startOffset=9.0, endOffset=31.0}	15min	9f2a1c72bedd005374d2ca87b3158578	OPEN
2026-06-17T16:41:58+0000	35.0	typescript:S1874	com.carajillolabs:sif-web	15min	CODE_SMELL	CONVENTIONAL		OPEN		MAIN	b7db5d27-26d7-4b10-a3f3-da7a36a2744f	MINOR		ivan.duart@grupogimeno.com	false	CONSISTENT	NOT_LINKED		"{softwareQuality=MAINTAINABILITY, severity=LOW} / "	"The signature '(type?: ""animations"" | ""noop"" | undefined): EnvironmentProviders' of 'provideAnimationsAsync' is deprecated."	2026-06-08T20:06:47+0000	false	"cwe / type-dependent / obsolete / "		com.carajillolabs:sif-web:src/app/app.config.ts	false	{startLine=35.0, endLine=35.0, startOffset=4.0, endOffset=26.0}	15min	79dd3b4de183a1bc70bbae2043595a23	OPEN
2026-06-17T16:41:58+0000	46.0	typescript:S1874	com.carajillolabs:sif-web	15min	CODE_SMELL	CONVENTIONAL		OPEN		MAIN	3adac9f6-b484-44c0-9d4c-4275bc3a79d8	MINOR		ivan.duart@grupogimeno.com	false	CONSISTENT	NOT_LINKED		"{softwareQuality=MAINTAINABILITY, severity=LOW} / "	'APP_INITIALIZER' is deprecated.	2026-06-08T20:06:47+0000	false	"cwe / type-dependent / obsolete / "		com.carajillolabs:sif-web:src/app/app.config.ts	false	{startLine=46.0, endLine=46.0, startOffset=15.0, endOffset=30.0}	15min	8b2f9cb78370bb2eb289eda2fbeb0242	OPEN
2026-06-17T16:41:58+0000	8.0	typescript:S2933	com.carajillolabs:sif-web	2min	CODE_SMELL	CLEAR		OPEN		MAIN	17fc5424-30a0-4a5b-9ffe-34357a975092	MAJOR		ivan.duart@grupogimeno.com	false	INTENTIONAL	NOT_LINKED		"{softwareQuality=MAINTAINABILITY, severity=MEDIUM} / "	Member 'keycloak' is never reassigned; mark it as `readonly`.	2026-06-08T20:06:47+0000	true	"type-dependent / confusing / "		com.carajillolabs:sif-web:src/app/core/auth/auth.service.ts	false	{startLine=8.0, endLine=8.0, startOffset=2.0, endOffset=18.0}	2min	9712fb8e7670d18dff813359f7ea796a	OPEN
2026-06-17T16:41:58+0000	14.0	typescript:S7764	com.carajillolabs:sif-web	2min	CODE_SMELL	CONVENTIONAL		OPEN		MAIN	344516f0-f99f-4b10-924f-1e5fa8c5edd1	MINOR		ivan.duart@grupogimeno.com	false	CONSISTENT	NOT_LINKED		"{softwareQuality=MAINTAINABILITY, severity=LOW} / "	Prefer `globalThis` over `window`.	2026-06-08T20:06:47+0000	true	"portability / es2020 / "		com.carajillolabs:sif-web:src/app/core/auth/keycloak.config.ts	false	{startLine=14.0, endLine=14.0, startOffset=8.0, endOffset=14.0}	2min	a49a7fbc50fafd40c76898fd6cba5d4c	OPEN
2026-06-17T16:41:58+0000	6.0	typescript:S2933	com.carajillolabs:sif-web	2min	CODE_SMELL	CLEAR		OPEN		MAIN	93136899-fc95-490b-b85e-accae1400aa8	MAJOR		ivan.duart@grupogimeno.com	false	INTENTIONAL	NOT_LINKED		"{softwareQuality=MAINTAINABILITY, severity=MEDIUM} / "	Member 'transloco' is never reassigned; mark it as `readonly`.	2026-06-08T20:06:47+0000	true	"type-dependent / confusing / "		com.carajillolabs:sif-web:src/app/core/i18n/app-lang.service.ts	false	{startLine=6.0, endLine=6.0, startOffset=2.0, endOffset=19.0}	2min	0ed583e5ec892474e0aff3b9706bf85a	OPEN
2026-06-17T16:41:58+0000	7.0	typescript:S2933	com.carajillolabs:sif-web	2min	CODE_SMELL	CLEAR		OPEN		MAIN	c71150fe-85c5-4c57-ab97-8e90edabe74d	MAJOR		ivan.duart@grupogimeno.com	false	INTENTIONAL	NOT_LINKED		"{softwareQuality=MAINTAINABILITY, severity=MEDIUM} / "	Member 'http' is never reassigned; mark it as `readonly`.	2026-06-08T20:06:47+0000	true	"type-dependent / confusing / "		com.carajillolabs:sif-web:src/app/core/i18n/transloco-loader.ts	false	{startLine=7.0, endLine=7.0, startOffset=2.0, endOffset=14.0}	2min	63cc803613421d5da8f3b6e2de87ff13	OPEN
2026-06-17T16:41:58+0000	9.0	typescript:S2933	com.carajillolabs:sif-web	2min	CODE_SMELL	CLEAR		OPEN		MAIN	83910e52-bcab-4594-9cb4-67a715a9070b	MAJOR		ivan.duart@grupogimeno.com	false	INTENTIONAL	NOT_LINKED		"{softwareQuality=MAINTAINABILITY, severity=MEDIUM} / "	Member 'permissionsService' is never reassigned; mark it as `readonly`.	2026-06-08T20:06:47+0000	true	"type-dependent / confusing / "		com.carajillolabs:sif-web:src/app/core/permissions/if-permission.directive.ts	false	{startLine=9.0, endLine=9.0, startOffset=2.0, endOffset=28.0}	2min	42f7f2b758e2a43d79670a99f5e36a17	OPEN
2026-06-17T16:41:58+0000	10.0	typescript:S2933	com.carajillolabs:sif-web	2min	CODE_SMELL	CLEAR		OPEN		MAIN	41009e22-f59d-4298-a7d7-5cbae3cc1c16	MAJOR		ivan.duart@grupogimeno.com	false	INTENTIONAL	NOT_LINKED		"{softwareQuality=MAINTAINABILITY, severity=MEDIUM} / "	Member 'templateRef' is never reassigned; mark it as `readonly`.	2026-06-08T20:06:47+0000	true	"type-dependent / confusing / "		com.carajillolabs:sif-web:src/app/core/permissions/if-permission.directive.ts	false	{startLine=10.0, endLine=10.0, startOffset=2.0, endOffset=21.0}	2min	ba2b0aae50d8a6fa10d005ece9029b25	OPEN
2026-06-17T16:41:58+0000	11.0	typescript:S2933	com.carajillolabs:sif-web	2min	CODE_SMELL	CLEAR		OPEN		MAIN	dd14c60b-fdbf-4e77-81f0-56ebcea92c29	MAJOR		ivan.duart@grupogimeno.com	false	INTENTIONAL	NOT_LINKED		"{softwareQuality=MAINTAINABILITY, severity=MEDIUM} / "	Member 'viewContainer' is never reassigned; mark it as `readonly`.	2026-06-08T20:06:47+0000	true	"type-dependent / confusing / "		com.carajillolabs:sif-web:src/app/core/permissions/if-permission.directive.ts	false	{startLine=11.0, endLine=11.0, startOffset=2.0, endOffset=23.0}	2min	b5ae573ae700f0f8b061d39671cc174c	OPEN
2026-06-17T16:41:58+0000	6.0	typescript:S2933	com.carajillolabs:sif-web	2min	CODE_SMELL	CLEAR		OPEN		MAIN	71108821-3600-454c-a315-303b9115c56d	MAJOR		ivan.duart@grupogimeno.com	false	INTENTIONAL	NOT_LINKED		"{softwareQuality=MAINTAINABILITY, severity=MEDIUM} / "	Member 'tenantCtx' is never reassigned; mark it as `readonly`.	2026-06-08T20:06:47+0000	true	"type-dependent / confusing / "		com.carajillolabs:sif-web:src/app/core/permissions/permissions.service.ts	false	{startLine=6.0, endLine=6.0, startOffset=2.0, endOffset=19.0}	2min	fe261700e8e5053e3822d6b04530b92a	OPEN
2026-06-17T16:41:58+0000	6.0	typescript:S2933	com.carajillolabs:sif-web	2min	CODE_SMELL	CLEAR		OPEN		MAIN	8f4428a1-30ae-4b48-b70a-3154affa42be	MAJOR		ivan.duart@grupogimeno.com	false	INTENTIONAL	NOT_LINKED		"{softwareQuality=MAINTAINABILITY, severity=MEDIUM} / "	Member 'authService' is never reassigned; mark it as `readonly`.	2026-06-08T20:06:47+0000	true	"type-dependent / confusing / "		com.carajillolabs:sif-web:src/app/core/tenant/tenant-context.service.ts	false	{startLine=6.0, endLine=6.0, startOffset=2.0, endOffset=21.0}	2min	6c7e5d247a0ad131f41c092397484624	OPEN
2026-06-17T16:41:58+0000	23.0	typescript:S2933	com.carajillolabs:sif-web	2min	CODE_SMELL	CLEAR		OPEN		MAIN	c73257f0-cda4-40c1-a343-ab3df8e12af3	MAJOR		ivan.duart@grupogimeno.com	false	INTENTIONAL	NOT_LINKED		"{softwareQuality=MAINTAINABILITY, severity=MEDIUM} / "	Member 'route' is never reassigned; mark it as `readonly`.	2026-06-08T20:06:47+0000	true	"type-dependent / confusing / "		com.carajillolabs:sif-web:src/app/features/menus/menu-detail.page.ts	false	{startLine=23.0, endLine=23.0, startOffset=2.0, endOffset=15.0}	2min	ae107aa1a4304e6c737d0a116fe7b182	OPEN
2026-06-17T16:41:58+0000	24.0	typescript:S2933	com.carajillolabs:sif-web	2min	CODE_SMELL	CLEAR		OPEN		MAIN	2d5d63ef-c89a-4868-901b-d191c71f9b43	MAJOR		ivan.duart@grupogimeno.com	false	INTENTIONAL	NOT_LINKED		"{softwareQuality=MAINTAINABILITY, severity=MEDIUM} / "	Member 'menuService' is never reassigned; mark it as `readonly`.	2026-06-08T20:06:47+0000	true	"type-dependent / confusing / "		com.carajillolabs:sif-web:src/app/features/menus/menu-detail.page.ts	false	{startLine=24.0, endLine=24.0, startOffset=2.0, endOffset=21.0}	2min	61b7565b042017c0563522b375b1aecd	OPEN
2026-06-17T16:41:58+0000	25.0	typescript:S2933	com.carajillolabs:sif-web	2min	CODE_SMELL	CLEAR		OPEN		MAIN	2c28fed7-3c90-4dce-93e3-4ca10fbf8385	MAJOR		ivan.duart@grupogimeno.com	false	INTENTIONAL	NOT_LINKED		"{softwareQuality=MAINTAINABILITY, severity=MEDIUM} / "	Member 'mealService' is never reassigned; mark it as `readonly`.	2026-06-08T20:06:47+0000	true	"type-dependent / confusing / "		com.carajillolabs:sif-web:src/app/features/menus/menu-detail.page.ts	false	{startLine=25.0, endLine=25.0, startOffset=2.0, endOffset=21.0}	2min	e8befec212b973748a2150fc5732d663	OPEN
2026-06-17T16:41:58+0000	26.0	typescript:S2933	com.carajillolabs:sif-web	2min	CODE_SMELL	CLEAR		OPEN		MAIN	14cfc41b-e8ce-4ea1-884c-02de2fe841ed	MAJOR		ivan.duart@grupogimeno.com	false	INTENTIONAL	NOT_LINKED		"{softwareQuality=MAINTAINABILITY, severity=MEDIUM} / "	Member 'tenantCtx' is never reassigned; mark it as `readonly`.	2026-06-08T20:06:47+0000	true	"type-dependent / confusing / "		com.carajillolabs:sif-web:src/app/features/menus/menu-detail.page.ts	false	{startLine=26.0, endLine=26.0, startOffset=2.0, endOffset=19.0}	2min	fe261700e8e5053e3822d6b04530b92a	OPEN
2026-06-17T16:41:58+0000	21.0	typescript:S2933	com.carajillolabs:sif-web	2min	CODE_SMELL	CLEAR		OPEN		MAIN	da675476-709c-47aa-aaff-8a99f69e7b1d	MAJOR		ivan.duart@grupogimeno.com	false	INTENTIONAL	NOT_LINKED		"{softwareQuality=MAINTAINABILITY, severity=MEDIUM} / "	Member 'fb' is never reassigned; mark it as `readonly`.	2026-06-08T20:06:47+0000	true	"type-dependent / confusing / "		com.carajillolabs:sif-web:src/app/features/menus/menu-form.dialog.ts	false	{startLine=21.0, endLine=21.0, startOffset=2.0, endOffset=12.0}	2min	38fc3aa3201be3fc0d2eca460eced79f	OPEN
2026-06-17T16:41:58+0000	22.0	typescript:S2933	com.carajillolabs:sif-web	2min	CODE_SMELL	CLEAR		OPEN		MAIN	f03d3619-ffa6-43b3-9878-a59ea5f796ea	MAJOR		ivan.duart@grupogimeno.com	false	INTENTIONAL	NOT_LINKED		"{softwareQuality=MAINTAINABILITY, severity=MEDIUM} / "	Member 'menuService' is never reassigned; mark it as `readonly`.	2026-06-08T20:06:47+0000	true	"type-dependent / confusing / "		com.carajillolabs:sif-web:src/app/features/menus/menu-form.dialog.ts	false	{startLine=22.0, endLine=22.0, startOffset=2.0, endOffset=21.0}	2min	61b7565b042017c0563522b375b1aecd	OPEN
2026-06-17T16:41:58+0000	23.0	typescript:S2933	com.carajillolabs:sif-web	2min	CODE_SMELL	CLEAR		OPEN		MAIN	e7f52ff8-778c-4274-8178-6c9e057ddd9e	MAJOR		ivan.duart@grupogimeno.com	false	INTENTIONAL	NOT_LINKED		"{softwareQuality=MAINTAINABILITY, severity=MEDIUM} / "	Member 'userRoleService' is never reassigned; mark it as `readonly`.	2026-06-08T20:06:47+0000	true	"type-dependent / confusing / "		com.carajillolabs:sif-web:src/app/features/menus/menu-form.dialog.ts	false	{startLine=23.0, endLine=23.0, startOffset=2.0, endOffset=25.0}	2min	413ba1fee2163226cbb0836904904f66	OPEN
2026-06-17T16:41:58+0000	22.0	typescript:S2933	com.carajillolabs:sif-web	2min	CODE_SMELL	CLEAR		OPEN		MAIN	c1fd7589-2572-47f2-bfdb-0677c1fec103	MAJOR		ivan.duart@grupogimeno.com	false	INTENTIONAL	NOT_LINKED		"{softwareQuality=MAINTAINABILITY, severity=MEDIUM} / "	Member 'menuUploadService' is never reassigned; mark it as `readonly`.	2026-06-08T20:06:47+0000	true	"type-dependent / confusing / "		com.carajillolabs:sif-web:src/app/features/menus/menu-upload.dialog.ts	false	{startLine=22.0, endLine=22.0, startOffset=2.0, endOffset=27.0}	2min	0902815740031125bc641cca6837beb9	OPEN
2026-06-17T16:41:58+0000	23.0	typescript:S2933	com.carajillolabs:sif-web	2min	CODE_SMELL	CLEAR		OPEN		MAIN	b75ba481-16c9-48a5-bb48-5b9b0116dc27	MAJOR		ivan.duart@grupogimeno.com	false	INTENTIONAL	NOT_LINKED		"{softwareQuality=MAINTAINABILITY, severity=MEDIUM} / "	Member 'userRoleService' is never reassigned; mark it as `readonly`.	2026-06-08T20:06:47+0000	true	"type-dependent / confusing / "		com.carajillolabs:sif-web:src/app/features/menus/menu-upload.dialog.ts	false	{startLine=23.0, endLine=23.0, startOffset=2.0, endOffset=25.0}	2min	413ba1fee2163226cbb0836904904f66	OPEN
2026-06-17T16:41:58+0000	24.0	typescript:S2933	com.carajillolabs:sif-web	2min	CODE_SMELL	CLEAR		OPEN		MAIN	8c940751-30d6-4087-bc8b-7b6d80a65af4	MAJOR		ivan.duart@grupogimeno.com	false	INTENTIONAL	NOT_LINKED		"{softwareQuality=MAINTAINABILITY, severity=MEDIUM} / "	Member 'tenantCtx' is never reassigned; mark it as `readonly`.	2026-06-08T20:06:47+0000	true	"type-dependent / confusing / "		com.carajillolabs:sif-web:src/app/features/menus/menu-upload.dialog.ts	false	{startLine=24.0, endLine=24.0, startOffset=2.0, endOffset=19.0}	2min	fe261700e8e5053e3822d6b04530b92a	OPEN
2026-06-17T16:41:58+0000	25.0	typescript:S2933	com.carajillolabs:sif-web	2min	CODE_SMELL	CLEAR		OPEN		MAIN	6e06b36c-40c5-461a-9c9b-2fe70ea3e641	MAJOR		ivan.duart@grupogimeno.com	false	INTENTIONAL	NOT_LINKED		"{softwareQuality=MAINTAINABILITY, severity=MEDIUM} / "	Member 'messageService' is never reassigned; mark it as `readonly`.	2026-06-08T20:06:47+0000	true	"type-dependent / confusing / "		com.carajillolabs:sif-web:src/app/features/menus/menu-upload.dialog.ts	false	{startLine=25.0, endLine=25.0, startOffset=2.0, endOffset=24.0}	2min	36df480421b23553d28f976884da29c3	OPEN
2026-06-17T16:41:58+0000	27.0	typescript:S2933	com.carajillolabs:sif-web	2min	CODE_SMELL	CLEAR		OPEN		MAIN	a8a803bf-7216-4185-9d3b-759b940a63f3	MAJOR		ivan.duart@grupogimeno.com	false	INTENTIONAL	NOT_LINKED		"{softwareQuality=MAINTAINABILITY, severity=MEDIUM} / "	Member 'menuService' is never reassigned; mark it as `readonly`.	2026-06-08T20:06:47+0000	true	"type-dependent / confusing / "		com.carajillolabs:sif-web:src/app/features/menus/menus-list.page.ts	false	{startLine=27.0, endLine=27.0, startOffset=2.0, endOffset=21.0}	2min	61b7565b042017c0563522b375b1aecd	OPEN
2026-06-17T16:41:58+0000	28.0	typescript:S2933	com.carajillolabs:sif-web	2min	CODE_SMELL	CLEAR		OPEN		MAIN	8007d6e1-bac4-4121-b972-a24cc831dcd0	MAJOR		ivan.duart@grupogimeno.com	false	INTENTIONAL	NOT_LINKED		"{softwareQuality=MAINTAINABILITY, severity=MEDIUM} / "	Member 'tenantCtx' is never reassigned; mark it as `readonly`.	2026-06-08T20:06:47+0000	true	"type-dependent / confusing / "		com.carajillolabs:sif-web:src/app/features/menus/menus-list.page.ts	false	{startLine=28.0, endLine=28.0, startOffset=2.0, endOffset=19.0}	2min	fe261700e8e5053e3822d6b04530b92a	OPEN
2026-06-17T16:41:58+0000	29.0	typescript:S2933	com.carajillolabs:sif-web	2min	CODE_SMELL	CLEAR		OPEN		MAIN	5da07501-7a7a-475c-a58e-f61cda6f7d5a	MAJOR		ivan.duart@grupogimeno.com	false	INTENTIONAL	NOT_LINKED		"{softwareQuality=MAINTAINABILITY, severity=MEDIUM} / "	Member 'confirmationService' is never reassigned; mark it as `readonly`.	2026-06-08T20:06:47+0000	true	"type-dependent / confusing / "		com.carajillolabs:sif-web:src/app/features/menus/menus-list.page.ts	false	{startLine=29.0, endLine=29.0, startOffset=2.0, endOffset=29.0}	2min	a093270cc09d8e570ee6da1e1e077f33	OPEN
2026-06-17T16:41:58+0000	30.0	typescript:S2933	com.carajillolabs:sif-web	2min	CODE_SMELL	CLEAR		OPEN		MAIN	3ead33df-a985-4572-8c24-0394faaebb1b	MAJOR		ivan.duart@grupogimeno.com	false	INTENTIONAL	NOT_LINKED		"{softwareQuality=MAINTAINABILITY, severity=MEDIUM} / "	Member 'messageService' is never reassigned; mark it as `readonly`.	2026-06-08T20:06:47+0000	true	"type-dependent / confusing / "		com.carajillolabs:sif-web:src/app/features/menus/menus-list.page.ts	false	{startLine=30.0, endLine=30.0, startOffset=2.0, endOffset=24.0}	2min	36df480421b23553d28f976884da29c3	OPEN
2026-06-17T16:41:58+0000	31.0	typescript:S2933	com.carajillolabs:sif-web	2min	CODE_SMELL	CLEAR		OPEN		MAIN	ef248785-205d-445d-b072-3844422427d3	MAJOR		ivan.duart@grupogimeno.com	false	INTENTIONAL	NOT_LINKED		"{softwareQuality=MAINTAINABILITY, severity=MEDIUM} / "	Member 'dialogService' is never reassigned; mark it as `readonly`.	2026-06-08T20:06:47+0000	true	"type-dependent / confusing / "		com.carajillolabs:sif-web:src/app/features/menus/menus-list.page.ts	false	{startLine=31.0, endLine=31.0, startOffset=2.0, endOffset=23.0}	2min	433a9f2e31b679330f1887e8d4855f43	OPEN
2026-06-17T16:41:58+0000	32.0	typescript:S2933	com.carajillolabs:sif-web	2min	CODE_SMELL	CLEAR		OPEN		MAIN	e4849971-e25d-4910-af4f-178368e3e918	MAJOR		ivan.duart@grupogimeno.com	false	INTENTIONAL	NOT_LINKED		"{softwareQuality=MAINTAINABILITY, severity=MEDIUM} / "	Member 'router' is never reassigned; mark it as `readonly`.	2026-06-08T20:06:47+0000	true	"type-dependent / confusing / "		com.carajillolabs:sif-web:src/app/features/menus/menus-list.page.ts	false	{startLine=32.0, endLine=32.0, startOffset=2.0, endOffset=16.0}	2min	485a52b26a92033d75512f6e1d964326	OPEN
2026-06-17T16:41:58+0000	33.0	typescript:S2933	com.carajillolabs:sif-web	2min	CODE_SMELL	CLEAR		OPEN		MAIN	228782c2-7b57-47ee-b821-d77ccb2f7d1e	MAJOR		ivan.duart@grupogimeno.com	false	INTENTIONAL	NOT_LINKED		"{softwareQuality=MAINTAINABILITY, severity=MEDIUM} / "	Member 'transloco' is never reassigned; mark it as `readonly`.	2026-06-08T20:06:47+0000	true	"type-dependent / confusing / "		com.carajillolabs:sif-web:src/app/features/menus/menus-list.page.ts	false	{startLine=33.0, endLine=33.0, startOffset=2.0, endOffset=19.0}	2min	0ed583e5ec892474e0aff3b9706bf85a	OPEN
2026-06-17T16:41:58+0000	27.0	typescript:S2933	com.carajillolabs:sif-web	2min	CODE_SMELL	CLEAR		OPEN		MAIN	1dc17b0c-36d1-4fd3-b428-0fd33b83f42e	MAJOR		ivan.duart@grupogimeno.com	false	INTENTIONAL	NOT_LINKED		"{softwareQuality=MAINTAINABILITY, severity=MEDIUM} / "	Member 'userTenantRoleService' is never reassigned; mark it as `readonly`.	2026-06-08T20:06:47+0000	true	"type-dependent / confusing / "		com.carajillolabs:sif-web:src/app/features/patients/patients-list.page.ts	false	{startLine=27.0, endLine=27.0, startOffset=2.0, endOffset=31.0}	2min	0e6bb8a1d09ac180d279b9bfeb4ae8c4	OPEN
2026-06-17T16:41:58+0000	28.0	typescript:S2933	com.carajillolabs:sif-web	2min	CODE_SMELL	CLEAR		OPEN		MAIN	351bea13-fb49-4ca8-8524-1d8e3bb9a205	MAJOR		ivan.duart@grupogimeno.com	false	INTENTIONAL	NOT_LINKED		"{softwareQuality=MAINTAINABILITY, severity=MEDIUM} / "	Member 'tenantCtx' is never reassigned; mark it as `readonly`.	2026-06-08T20:06:47+0000	true	"type-dependent / confusing / "		com.carajillolabs:sif-web:src/app/features/patients/patients-list.page.ts	false	{startLine=28.0, endLine=28.0, startOffset=2.0, endOffset=19.0}	2min	fe261700e8e5053e3822d6b04530b92a	OPEN
2026-06-17T16:41:58+0000	29.0	typescript:S2933	com.carajillolabs:sif-web	2min	CODE_SMELL	CLEAR		OPEN		MAIN	1306754b-3c97-46fb-880b-a2a6bde70750	MAJOR		ivan.duart@grupogimeno.com	false	INTENTIONAL	NOT_LINKED		"{softwareQuality=MAINTAINABILITY, severity=MEDIUM} / "	Member 'confirmationService' is never reassigned; mark it as `readonly`.	2026-06-08T20:06:47+0000	true	"type-dependent / confusing / "		com.carajillolabs:sif-web:src/app/features/patients/patients-list.page.ts	false	{startLine=29.0, endLine=29.0, startOffset=2.0, endOffset=29.0}	2min	a093270cc09d8e570ee6da1e1e077f33	OPEN
2026-06-17T16:41:58+0000	30.0	typescript:S2933	com.carajillolabs:sif-web	2min	CODE_SMELL	CLEAR		OPEN		MAIN	403126f4-406c-4ace-a89b-2b0a2d3a6145	MAJOR		ivan.duart@grupogimeno.com	false	INTENTIONAL	NOT_LINKED		"{softwareQuality=MAINTAINABILITY, severity=MEDIUM} / "	Member 'messageService' is never reassigned; mark it as `readonly`.	2026-06-08T20:06:47+0000	true	"type-dependent / confusing / "		com.carajillolabs:sif-web:src/app/features/patients/patients-list.page.ts	false	{startLine=30.0, endLine=30.0, startOffset=2.0, endOffset=24.0}	2min	36df480421b23553d28f976884da29c3	OPEN
2026-06-17T16:41:58+0000	31.0	typescript:S2933	com.carajillolabs:sif-web	2min	CODE_SMELL	CLEAR		OPEN		MAIN	eef2a539-abe4-4098-952d-d531d2e6d11e	MAJOR		ivan.duart@grupogimeno.com	false	INTENTIONAL	NOT_LINKED		"{softwareQuality=MAINTAINABILITY, severity=MEDIUM} / "	Member 'dialogService' is never reassigned; mark it as `readonly`.	2026-06-08T20:06:47+0000	true	"type-dependent / confusing / "		com.carajillolabs:sif-web:src/app/features/patients/patients-list.page.ts	false	{startLine=31.0, endLine=31.0, startOffset=2.0, endOffset=23.0}	2min	433a9f2e31b679330f1887e8d4855f43	OPEN
2026-06-17T16:41:58+0000	32.0	typescript:S2933	com.carajillolabs:sif-web	2min	CODE_SMELL	CLEAR		OPEN		MAIN	d148152a-6fa1-4bfb-bc1e-9c47b834f35c	MAJOR		ivan.duart@grupogimeno.com	false	INTENTIONAL	NOT_LINKED		"{softwareQuality=MAINTAINABILITY, severity=MEDIUM} / "	Member 'transloco' is never reassigned; mark it as `readonly`.	2026-06-08T20:06:47+0000	true	"type-dependent / confusing / "		com.carajillolabs:sif-web:src/app/features/patients/patients-list.page.ts	false	{startLine=32.0, endLine=32.0, startOffset=2.0, endOffset=19.0}	2min	0ed583e5ec892474e0aff3b9706bf85a	OPEN
2026-06-17T16:41:58+0000	27.0	typescript:S2933	com.carajillolabs:sif-web	2min	CODE_SMELL	CLEAR		OPEN		MAIN	4553d902-2379-414f-a625-c13ffd3f6845	MAJOR		ivan.duart@grupogimeno.com	false	INTENTIONAL	NOT_LINKED		"{softwareQuality=MAINTAINABILITY, severity=MEDIUM} / "	Member 'userTenantRoleService' is never reassigned; mark it as `readonly`.	2026-06-08T20:06:47+0000	true	"type-dependent / confusing / "		com.carajillolabs:sif-web:src/app/features/staff/staff-list.page.ts	false	{startLine=27.0, endLine=27.0, startOffset=2.0, endOffset=31.0}	2min	0e6bb8a1d09ac180d279b9bfeb4ae8c4	OPEN
2026-06-17T16:41:58+0000	28.0	typescript:S2933	com.carajillolabs:sif-web	2min	CODE_SMELL	CLEAR		OPEN		MAIN	ac080351-c32a-4771-a168-3d49df0dd694	MAJOR		ivan.duart@grupogimeno.com	false	INTENTIONAL	NOT_LINKED		"{softwareQuality=MAINTAINABILITY, severity=MEDIUM} / "	Member 'tenantCtx' is never reassigned; mark it as `readonly`.	2026-06-08T20:06:47+0000	true	"type-dependent / confusing / "		com.carajillolabs:sif-web:src/app/features/staff/staff-list.page.ts	false	{startLine=28.0, endLine=28.0, startOffset=2.0, endOffset=19.0}	2min	fe261700e8e5053e3822d6b04530b92a	OPEN
2026-06-17T16:41:58+0000	29.0	typescript:S2933	com.carajillolabs:sif-web	2min	CODE_SMELL	CLEAR		OPEN		MAIN	602e693a-7431-428e-9b6a-f7d4392e0038	MAJOR		ivan.duart@grupogimeno.com	false	INTENTIONAL	NOT_LINKED		"{softwareQuality=MAINTAINABILITY, severity=MEDIUM} / "	Member 'confirmationService' is never reassigned; mark it as `readonly`.	2026-06-08T20:06:47+0000	true	"type-dependent / confusing / "		com.carajillolabs:sif-web:src/app/features/staff/staff-list.page.ts	false	{startLine=29.0, endLine=29.0, startOffset=2.0, endOffset=29.0}	2min	a093270cc09d8e570ee6da1e1e077f33	OPEN
2026-06-17T16:41:58+0000	30.0	typescript:S2933	com.carajillolabs:sif-web	2min	CODE_SMELL	CLEAR		OPEN		MAIN	c1421d62-0118-4044-b8a6-e77a6c50d985	MAJOR		ivan.duart@grupogimeno.com	false	INTENTIONAL	NOT_LINKED		"{softwareQuality=MAINTAINABILITY, severity=MEDIUM} / "	Member 'messageService' is never reassigned; mark it as `readonly`.	2026-06-08T20:06:47+0000	true	"type-dependent / confusing / "		com.carajillolabs:sif-web:src/app/features/staff/staff-list.page.ts	false	{startLine=30.0, endLine=30.0, startOffset=2.0, endOffset=24.0}	2min	36df480421b23553d28f976884da29c3	OPEN
2026-06-17T16:41:58+0000	31.0	typescript:S2933	com.carajillolabs:sif-web	2min	CODE_SMELL	CLEAR		OPEN		MAIN	8b35e08e-1f42-4abd-be45-cb8ae9ed4e23	MAJOR		ivan.duart@grupogimeno.com	false	INTENTIONAL	NOT_LINKED		"{softwareQuality=MAINTAINABILITY, severity=MEDIUM} / "	Member 'dialogService' is never reassigned; mark it as `readonly`.	2026-06-08T20:06:47+0000	true	"type-dependent / confusing / "		com.carajillolabs:sif-web:src/app/features/staff/staff-list.page.ts	false	{startLine=31.0, endLine=31.0, startOffset=2.0, endOffset=23.0}	2min	433a9f2e31b679330f1887e8d4855f43	OPEN
2026-06-17T16:41:58+0000	32.0	typescript:S2933	com.carajillolabs:sif-web	2min	CODE_SMELL	CLEAR		OPEN		MAIN	b8b02246-a0ab-4809-89ec-740977918376	MAJOR		ivan.duart@grupogimeno.com	false	INTENTIONAL	NOT_LINKED		"{softwareQuality=MAINTAINABILITY, severity=MEDIUM} / "	Member 'transloco' is never reassigned; mark it as `readonly`.	2026-06-08T20:06:47+0000	true	"type-dependent / confusing / "		com.carajillolabs:sif-web:src/app/features/staff/staff-list.page.ts	false	{startLine=32.0, endLine=32.0, startOffset=2.0, endOffset=19.0}	2min	0ed583e5ec892474e0aff3b9706bf85a	OPEN
2026-06-17T16:41:58+0000	22.0	typescript:S2933	com.carajillolabs:sif-web	2min	CODE_SMELL	CLEAR		OPEN		MAIN	f3dfa9e2-4e47-45f9-9043-d2d9a4d32e6b	MAJOR		ivan.duart@grupogimeno.com	false	INTENTIONAL	NOT_LINKED		"{softwareQuality=MAINTAINABILITY, severity=MEDIUM} / "	Member 'fb' is never reassigned; mark it as `readonly`.	2026-06-08T20:06:47+0000	true	"type-dependent / confusing / "		com.carajillolabs:sif-web:src/app/features/templates/instantiate-template.dialog.ts	false	{startLine=22.0, endLine=22.0, startOffset=2.0, endOffset=12.0}	2min	38fc3aa3201be3fc0d2eca460eced79f	OPEN
2026-06-17T16:41:58+0000	23.0	typescript:S2933	com.carajillolabs:sif-web	2min	CODE_SMELL	CLEAR		OPEN		MAIN	6e18d1e7-9c16-47b4-a914-6c06f835a423	MAJOR		ivan.duart@grupogimeno.com	false	INTENTIONAL	NOT_LINKED		"{softwareQuality=MAINTAINABILITY, severity=MEDIUM} / "	Member 'templateService' is never reassigned; mark it as `readonly`.	2026-06-08T20:06:47+0000	true	"type-dependent / confusing / "		com.carajillolabs:sif-web:src/app/features/templates/instantiate-template.dialog.ts	false	{startLine=23.0, endLine=23.0, startOffset=2.0, endOffset=25.0}	2min	ca7ad36b323e8274c5dce83940df7f01	OPEN
2026-06-17T16:41:58+0000	24.0	typescript:S2933	com.carajillolabs:sif-web	2min	CODE_SMELL	CLEAR		OPEN		MAIN	6edb27e2-01ec-472f-b7f0-24564f48842f	MAJOR		ivan.duart@grupogimeno.com	false	INTENTIONAL	NOT_LINKED		"{softwareQuality=MAINTAINABILITY, severity=MEDIUM} / "	Member 'userRoleService' is never reassigned; mark it as `readonly`.	2026-06-08T20:06:47+0000	true	"type-dependent / confusing / "		com.carajillolabs:sif-web:src/app/features/templates/instantiate-template.dialog.ts	false	{startLine=24.0, endLine=24.0, startOffset=2.0, endOffset=25.0}	2min	413ba1fee2163226cbb0836904904f66	OPEN
2026-06-17T16:41:58+0000	25.0	typescript:S2933	com.carajillolabs:sif-web	2min	CODE_SMELL	CLEAR		OPEN		MAIN	785cba83-e474-4be0-a6aa-70ad65da9017	MAJOR		ivan.duart@grupogimeno.com	false	INTENTIONAL	NOT_LINKED		"{softwareQuality=MAINTAINABILITY, severity=MEDIUM} / "	Member 'tenantCtx' is never reassigned; mark it as `readonly`.	2026-06-08T20:06:47+0000	true	"type-dependent / confusing / "		com.carajillolabs:sif-web:src/app/features/templates/instantiate-template.dialog.ts	false	{startLine=25.0, endLine=25.0, startOffset=2.0, endOffset=19.0}	2min	fe261700e8e5053e3822d6b04530b92a	OPEN
2026-06-17T16:41:58+0000	18.0	typescript:S2933	com.carajillolabs:sif-web	2min	CODE_SMELL	CLEAR		OPEN		MAIN	53ab26e6-5eda-4726-bfb0-b57daefd5bb6	MAJOR		ivan.duart@grupogimeno.com	false	INTENTIONAL	NOT_LINKED		"{softwareQuality=MAINTAINABILITY, severity=MEDIUM} / "	Member 'fb' is never reassigned; mark it as `readonly`.	2026-06-08T20:06:47+0000	true	"type-dependent / confusing / "		com.carajillolabs:sif-web:src/app/features/templates/template-form.dialog.ts	false	{startLine=18.0, endLine=18.0, startOffset=2.0, endOffset=12.0}	2min	38fc3aa3201be3fc0d2eca460eced79f	OPEN
2026-06-17T16:41:58+0000	19.0	typescript:S2933	com.carajillolabs:sif-web	2min	CODE_SMELL	CLEAR		OPEN		MAIN	aae782c4-d7a9-4d7e-a2ac-d3288b1a3440	MAJOR		ivan.duart@grupogimeno.com	false	INTENTIONAL	NOT_LINKED		"{softwareQuality=MAINTAINABILITY, severity=MEDIUM} / "	Member 'templateService' is never reassigned; mark it as `readonly`.	2026-06-08T20:06:47+0000	true	"type-dependent / confusing / "		com.carajillolabs:sif-web:src/app/features/templates/template-form.dialog.ts	false	{startLine=19.0, endLine=19.0, startOffset=2.0, endOffset=25.0}	2min	ca7ad36b323e8274c5dce83940df7f01	OPEN
2026-06-17T16:41:58+0000	20.0	typescript:S2933	com.carajillolabs:sif-web	2min	CODE_SMELL	CLEAR		OPEN		MAIN	6f7bf83a-2a7c-4cb5-b099-d2a45f46471d	MAJOR		ivan.duart@grupogimeno.com	false	INTENTIONAL	NOT_LINKED		"{softwareQuality=MAINTAINABILITY, severity=MEDIUM} / "	Member 'tenantCtx' is never reassigned; mark it as `readonly`.	2026-06-08T20:06:47+0000	true	"type-dependent / confusing / "		com.carajillolabs:sif-web:src/app/features/templates/template-form.dialog.ts	false	{startLine=20.0, endLine=20.0, startOffset=2.0, endOffset=19.0}	2min	fe261700e8e5053e3822d6b04530b92a	OPEN
2026-06-17T16:41:58+0000	27.0	typescript:S2933	com.carajillolabs:sif-web	2min	CODE_SMELL	CLEAR		OPEN		MAIN	b6f9536f-d7af-4c06-9ed4-ca019dad783d	MAJOR		ivan.duart@grupogimeno.com	false	INTENTIONAL	NOT_LINKED		"{softwareQuality=MAINTAINABILITY, severity=MEDIUM} / "	Member 'templateService' is never reassigned; mark it as `readonly`.	2026-06-08T20:06:47+0000	true	"type-dependent / confusing / "		com.carajillolabs:sif-web:src/app/features/templates/templates-list.page.ts	false	{startLine=27.0, endLine=27.0, startOffset=2.0, endOffset=25.0}	2min	ca7ad36b323e8274c5dce83940df7f01	OPEN
2026-06-17T16:41:58+0000	28.0	typescript:S2933	com.carajillolabs:sif-web	2min	CODE_SMELL	CLEAR		OPEN		MAIN	c901b984-1db1-4b0d-b4be-26409e17d9be	MAJOR		ivan.duart@grupogimeno.com	false	INTENTIONAL	NOT_LINKED		"{softwareQuality=MAINTAINABILITY, severity=MEDIUM} / "	Member 'tenantCtx' is never reassigned; mark it as `readonly`.	2026-06-08T20:06:47+0000	true	"type-dependent / confusing / "		com.carajillolabs:sif-web:src/app/features/templates/templates-list.page.ts	false	{startLine=28.0, endLine=28.0, startOffset=2.0, endOffset=19.0}	2min	fe261700e8e5053e3822d6b04530b92a	OPEN
2026-06-17T16:41:58+0000	29.0	typescript:S2933	com.carajillolabs:sif-web	2min	CODE_SMELL	CLEAR		OPEN		MAIN	39667b14-3e0a-4dc9-9e38-5615944f9fc2	MAJOR		ivan.duart@grupogimeno.com	false	INTENTIONAL	NOT_LINKED		"{softwareQuality=MAINTAINABILITY, severity=MEDIUM} / "	Member 'confirmationService' is never reassigned; mark it as `readonly`.	2026-06-08T20:06:47+0000	true	"type-dependent / confusing / "		com.carajillolabs:sif-web:src/app/features/templates/templates-list.page.ts	false	{startLine=29.0, endLine=29.0, startOffset=2.0, endOffset=29.0}	2min	a093270cc09d8e570ee6da1e1e077f33	OPEN
2026-06-17T16:41:58+0000	30.0	typescript:S2933	com.carajillolabs:sif-web	2min	CODE_SMELL	CLEAR		OPEN		MAIN	9e89a0e3-5cb7-42a9-bfc8-de338cfcc82a	MAJOR		ivan.duart@grupogimeno.com	false	INTENTIONAL	NOT_LINKED		"{softwareQuality=MAINTAINABILITY, severity=MEDIUM} / "	Member 'messageService' is never reassigned; mark it as `readonly`.	2026-06-08T20:06:47+0000	true	"type-dependent / confusing / "		com.carajillolabs:sif-web:src/app/features/templates/templates-list.page.ts	false	{startLine=30.0, endLine=30.0, startOffset=2.0, endOffset=24.0}	2min	36df480421b23553d28f976884da29c3	OPEN
2026-06-17T16:41:58+0000	31.0	typescript:S2933	com.carajillolabs:sif-web	2min	CODE_SMELL	CLEAR		OPEN		MAIN	2b5a02e7-987a-4221-8934-0da4e3fd1a0b	MAJOR		ivan.duart@grupogimeno.com	false	INTENTIONAL	NOT_LINKED		"{softwareQuality=MAINTAINABILITY, severity=MEDIUM} / "	Member 'dialogService' is never reassigned; mark it as `readonly`.	2026-06-08T20:06:47+0000	true	"type-dependent / confusing / "		com.carajillolabs:sif-web:src/app/features/templates/templates-list.page.ts	false	{startLine=31.0, endLine=31.0, startOffset=2.0, endOffset=23.0}	2min	433a9f2e31b679330f1887e8d4855f43	OPEN
2026-06-17T16:41:58+0000	33.0	typescript:S2933	com.carajillolabs:sif-web	2min	CODE_SMELL	CLEAR		OPEN		MAIN	178988f8-36e3-42d6-a68c-7e4ecaa35e74	MAJOR		ivan.duart@grupogimeno.com	false	INTENTIONAL	NOT_LINKED		"{softwareQuality=MAINTAINABILITY, severity=MEDIUM} / "	Member 'transloco' is never reassigned; mark it as `readonly`.	2026-06-08T20:06:47+0000	true	"type-dependent / confusing / "		com.carajillolabs:sif-web:src/app/features/templates/templates-list.page.ts	false	{startLine=33.0, endLine=33.0, startOffset=2.0, endOffset=19.0}	2min	0ed583e5ec892474e0aff3b9706bf85a	OPEN
2026-06-17T16:41:58+0000	67.0	typescript:S2933	com.carajillolabs:sif-web	2min	CODE_SMELL	CLEAR		OPEN		MAIN	e3c2c06e-6eba-40b4-8632-04ddb59e4c84	MAJOR		ivan.duart@grupogimeno.com	false	INTENTIONAL	NOT_LINKED		"{softwareQuality=MAINTAINABILITY, severity=MEDIUM} / "	Member 'tenantCtx' is never reassigned; mark it as `readonly`.	2026-06-08T20:06:47+0000	true	"type-dependent / confusing / "		com.carajillolabs:sif-web:src/app/features/tenant/dashboard/tenant-dashboard.component.ts	false	{startLine=67.0, endLine=67.0, startOffset=2.0, endOffset=19.0}	2min	fe261700e8e5053e3822d6b04530b92a	OPEN
2026-06-17T16:41:58+0000	22.0	typescript:S2933	com.carajillolabs:sif-web	2min	CODE_SMELL	CLEAR		OPEN		MAIN	c5f54288-6da4-4b3f-9c66-bb314c5856dc	MAJOR		ivan.duart@grupogimeno.com	false	INTENTIONAL	NOT_LINKED		"{softwareQuality=MAINTAINABILITY, severity=MEDIUM} / "	Member 'fb' is never reassigned; mark it as `readonly`.	2026-06-08T20:06:47+0000	true	"type-dependent / confusing / "		com.carajillolabs:sif-web:src/app/features/users/invite-user.dialog.ts	false	{startLine=22.0, endLine=22.0, startOffset=2.0, endOffset=12.0}	2min	38fc3aa3201be3fc0d2eca460eced79f	OPEN
2026-06-17T16:41:58+0000	23.0	typescript:S2933	com.carajillolabs:sif-web	2min	CODE_SMELL	CLEAR		OPEN		MAIN	28d3de21-5613-42fc-8a72-8de1edd3ffa9	MAJOR		ivan.duart@grupogimeno.com	false	INTENTIONAL	NOT_LINKED		"{softwareQuality=MAINTAINABILITY, severity=MEDIUM} / "	Member 'userRoleService' is never reassigned; mark it as `readonly`.	2026-06-08T20:06:47+0000	true	"type-dependent / confusing / "		com.carajillolabs:sif-web:src/app/features/users/invite-user.dialog.ts	false	{startLine=23.0, endLine=23.0, startOffset=2.0, endOffset=25.0}	2min	413ba1fee2163226cbb0836904904f66	OPEN
2026-06-17T16:41:58+0000	24.0	typescript:S2933	com.carajillolabs:sif-web	2min	CODE_SMELL	CLEAR		OPEN		MAIN	4bf7ba15-e36e-43d7-9957-4e9067284f20	MAJOR		ivan.duart@grupogimeno.com	false	INTENTIONAL	NOT_LINKED		"{softwareQuality=MAINTAINABILITY, severity=MEDIUM} / "	Member 'tenantCtx' is never reassigned; mark it as `readonly`.	2026-06-08T20:06:47+0000	true	"type-dependent / confusing / "		com.carajillolabs:sif-web:src/app/features/users/invite-user.dialog.ts	false	{startLine=24.0, endLine=24.0, startOffset=2.0, endOffset=19.0}	2min	fe261700e8e5053e3822d6b04530b92a	OPEN
2026-06-17T16:41:58+0000	511.0	css:S7924	com.carajillolabs:sif-web	5min	CODE_SMELL	CONVENTIONAL		OPEN		MAIN	5b474768-993b-4cbd-b914-ab018385aebe	MAJOR		ivan.duart@grupogimeno.com	false	CONSISTENT	NOT_LINKED		"{softwareQuality=MAINTAINABILITY, severity=MEDIUM} / "	Text does not meet the minimal contrast requirement with its background.	2026-06-08T20:06:47+0000	false	"css / accessibility / wcag / contrast / "		com.carajillolabs:sif-web:src/app/layout/shell/shell.scss	false	{startLine=511.0, endLine=511.0, startOffset=4.0, endOffset=30.0}	5min	c2b1823401c9a287ae9a33f3c7be2046	OPEN
2026-06-17T16:41:58+0000	28.0	typescript:S2933	com.carajillolabs:sif-web	2min	CODE_SMELL	CLEAR		OPEN		MAIN	0a00be4c-e1e3-4edc-b4ff-57c2423dbbc5	MAJOR		ivan.duart@grupogimeno.com	false	INTENTIONAL	NOT_LINKED		"{softwareQuality=MAINTAINABILITY, severity=MEDIUM} / "	Member 'brandingService' is never reassigned; mark it as `readonly`.	2026-06-08T20:06:47+0000	true	"type-dependent / confusing / "		com.carajillolabs:sif-web:src/app/shared/ui/tenant-logo.ts	false	{startLine=28.0, endLine=28.0, startOffset=2.0, endOffset=25.0}	2min	e7908400bb1957581b29881346c247bb	OPEN
2026-06-17T16:41:58+0000	29.0	typescript:S2933	com.carajillolabs:sif-web	2min	CODE_SMELL	CLEAR		OPEN		MAIN	08cbc239-fe9a-420d-9704-7b35de4a4b15	MAJOR		ivan.duart@grupogimeno.com	false	INTENTIONAL	NOT_LINKED		"{softwareQuality=MAINTAINABILITY, severity=MEDIUM} / "	Member 'tenantCtx' is never reassigned; mark it as `readonly`.	2026-06-08T20:06:47+0000	true	"type-dependent / confusing / "		com.carajillolabs:sif-web:src/app/shared/ui/tenant-logo.ts	false	{startLine=29.0, endLine=29.0, startOffset=2.0, endOffset=19.0}	2min	fe261700e8e5053e3822d6b04530b92a	OPEN
2026-06-17T16:41:58+0000	11.0	Web:S5725	com.carajillolabs:sif-web	5min	VULNERABILITY	COMPLETE		OPEN		MAIN	3deee38c-3373-4403-83b1-76107323dc76	MINOR		ivan.duart@grupogimeno.com	false	INTENTIONAL	NOT_LINKED		"{softwareQuality=SECURITY, severity=LOW} / "	Make sure not using resource integrity feature is safe here.	2026-06-08T20:06:47+0000	false	"cwe / former-hotspot / "		com.carajillolabs:sif-web:src/index.html	false	{startLine=11.0, endLine=11.0, startOffset=2.0, endOffset=119.0}	5min	1153af507ff599221917f3742c6aa9c5	OPEN
2026-06-17T16:41:58+0000	39.0	css:S7925	com.carajillolabs:sif-web	5min	CODE_SMELL	RESPECTFUL		OPEN		MAIN	8df9f833-95c0-41c7-99c4-b6d4e63a49c9	MINOR		ivan.duart@grupogimeno.com	false	RESPONSIBLE	NOT_LINKED		"{softwareQuality=MAINTAINABILITY, severity=LOW} / "	Increase this value or remove '!important' from letter-spacing to allow accessibility adjustments.	2026-06-08T20:06:47+0000	false	"css / accessibility / wcag / "		com.carajillolabs:sif-web:src/styles.css	false	{startLine=39.0, endLine=39.0, startOffset=2.0, endOffset=36.0}	5min	016ed25ebb8a79fcf0ddc1742858196b	OPEN
